incident_id,reference_number,reporter_name,reporter_email,department,site,facility_area,category,severity,shift,weather,equipment,contractor,incident_date,submitted_at,status
7a32c6af-fb9a-4716-9bc4-db464d1b3593,INC-2026-000010,Chinedu Okafor,chinedu.okafor@example.com,Operations,Akwa Ibom site,Maintenance Workshop,Fire,Medium,Day,Overcast with light rain,hot-work area,,2023-09-29T09:44:00+00:00,2023-09-29T10:12:00+00:00,closed
73e1045e-f220-411f-96c4-e1b5d767bd13,INC-2026-000011,Adaeze Nwosu,adaeze.nwosu@example.com,Maintenance,Marine Supply Base,Marine Jetty,Fire,Low,Day,"Intermittent rain, humid conditions",portable generator,,2023-10-31T11:23:00+00:00,2023-10-31T12:18:00+00:00,submitted
e7ad180e-3776-46e9-8a63-adddaaa994cb,INC-2026-000012,Chukwuemeka Eze,chukwuemeka.eze@example.com,Quality,New site,Site Camp,Near Miss,Medium,Day,Hot and dry with light haze,mobile work platform,Coastal Integrity Nigeria Ltd,2023-11-24T10:19:00+00:00,2023-11-24T10:48:00+00:00,under_review
889b62fe-ceee-4833-bf50-d020903887c9,INC-2026-000013,Ifunanya Umeh,ifunanya.umeh@example.com,HSE,Eastern Flow Station,Pump House,Slip/Trip/Fall,High,Afternoon,"Cloudy and dry, visibility good",cable ramp,Coastal Integrity Nigeria Ltd,2023-12-03T16:08:00+00:00,2023-12-03T16:44:00+00:00,closed
a847761a-8d92-431d-a9b0-c51f9e03a7d8,INC-2026-000014,Obinna Okeke,obinna.okeke@example.com,Quality,Onshore,Process Train,Electrical Hazard,Medium,Day,"Cloudy and dry, visibility good",temporary power cable,Niger Delta Well Services Ltd,2024-01-19T07:32:00+00:00,2024-01-19T08:23:00+00:00,corrective_action
730abd84-b6ca-4844-a582-cf94ee4b0bfc,INC-2026-000015,Adeola Adeyemi,adeola.adeyemi@example.com,Drilling,Onshore,Control Room,Vehicle Incident,Medium,Day,Humid with calm wind,telehandler,,2024-02-16T10:01:00+00:00,2024-02-16T10:44:00+00:00,closed
80251e9f-5643-41c6-a1bb-0bf616aded7a,INC-2026-000016,Oluwaseun Adebayo,oluwaseun.adebayo@example.com,Quality,Onshore,Process Train,Fire,High,Afternoon,"Cloudy and dry, visibility good",portable generator,,2024-03-16T16:10:00+00:00,2024-03-16T16:47:00+00:00,investigation
9a959c65-8cb5-4d70-b4bb-7f99e6893f38,INC-2026-000017,Temitope Balogun,temitope.balogun@example.com,Logistics,Eastern Flow Station,Separator Area,Environmental Release,High,Day,Humid with calm wind,chemical dosing skid,,2024-04-15T07:40:00+00:00,2024-04-15T08:04:00+00:00,investigation
7f6067b3-6e98-4b00-84cb-9ded769020ba,INC-2026-000018,Babatunde Ogunleye,babatunde.ogunleye@example.com,Maintenance,Old site,Power House,Near Miss,Medium,Afternoon,"Warm, humid, rain clearing",lifting sling,,2024-05-29T15:16:00+00:00,2024-05-29T16:00:00+00:00,investigation
ca26ee30-4de6-4578-b182-5a445204cb9a,INC-2026-000019,Folake Oladipo,folake.oladipo@example.com,Operations,Eket Drilling Site,Rig Floor,Slip/Trip/Fall,Low,Afternoon,"Warm, humid, rain clearing",temporary walkway,,2024-06-17T18:40:00+00:00,2024-06-17T19:36:00+00:00,corrective_action
c81d2fb0-93e5-4700-bb0f-3c5167f8937f,INC-2026-000020,Musa Ibrahim,musa.ibrahim@example.com,Maintenance,Offshore Platform Alpha,Drilling Deck,Electrical Hazard,Low,Day,"Warm, humid, rain clearing",junction box,,2024-07-05T11:13:00+00:00,2024-07-05T12:08:00+00:00,investigation
557408dc-16dc-418f-b55a-210416e529a1,INC-2026-000021,Aisha Abdullahi,aisha.abdullahi@example.com,HSE,Onshore,Tank Farm,Environmental Release,Low,Afternoon,Overcast with light rain,produced-water line,,2024-08-04T18:07:00+00:00,2024-08-04T18:47:00+00:00,corrective_action
59721f55-a4c8-422e-835c-cb6330eac083,INC-2026-000022,Sani Bello,sani.bello@example.com,Quality,Onshore Gas Processing Plant,Process Train 1,Environmental Release,Medium,Afternoon,Overcast with light rain,drain isolation valve,,2024-09-13T15:13:00+00:00,2024-09-13T16:08:00+00:00,closed
87ab4139-a913-49de-85c7-4861ef7c89dd,INC-2026-000023,Zainab Yusuf,zainab.yusuf@example.com,Quality,Marine Supply Base,Vehicle Yard,Vehicle Incident,Critical,Night,Heavy shower earlier; wet deck,forklift,,2024-10-12T20:34:00+00:00,2024-10-12T21:30:00+00:00,under_review
e3e183a1-4a3d-4ea8-82d9-5069dad7eda1,INC-2026-000024,Bashir Shehu,bashir.shehu@example.com,HSE,Onshore,Tank Farm,Oil/Chemical Spillage,Medium,Day,"Dry, dusty conditions",chemical transfer hose,,2024-11-12T10:03:00+00:00,2024-11-12T10:52:00+00:00,submitted
4da2d8b9-525d-4a7c-b251-020d1bd37608,INC-2026-000025,Eno Etim,eno.etim@example.com,Drilling,Offshore Platform Alpha,Production Deck,Near Miss,Medium,Day,Humid with calm wind,pipe handling tool,,2024-12-25T11:00:00+00:00,2024-12-25T11:26:00+00:00,corrective_action
ae20950f-fb90-48f6-a39f-e1120430730e,INC-2026-000026,Iniobong Akpan,iniobong.akpan@example.com,Quality,Qua Iboe Logistics Yard,Vehicle Yard,PPE Non-Compliance,Low,Day,"Dry, dusty conditions",eye protection,Coastal Integrity Nigeria Ltd,2025-01-17T08:45:00+00:00,2025-01-17T09:12:00+00:00,closed
ca2ae51a-23c4-45d5-b889-5b54dd590806,INC-2026-000027,Tamuno George,tamuno.george@example.com,Logistics,Offshore Platform Alpha,Helideck,Near Miss,Medium,Day,"Dry, dusty conditions",pressure gauge,Apex Marine Support Ltd,2025-02-03T10:07:00+00:00,2025-02-03T10:59:00+00:00,submitted
e97b17a4-9f62-4471-bb8f-fe18371fd9f9,INC-2026-000028,Ebiere Preye,ebiere.preye@example.com,Drilling,Eket Drilling Site,Rig Floor,Dropped Object,Medium,Day,Humid with calm wind,tag line hook,,2025-03-17T07:12:00+00:00,2025-03-17T07:56:00+00:00,corrective_action
d29435a2-80f8-47fe-85a7-c1a8f61c0e05,INC-2026-000029,Favour Briggs,favour.briggs@example.com,Operations,Qua Iboe Logistics Yard,Warehouse,Slip/Trip/Fall,Low,Day,Hot and dry with light haze,cable ramp,Apex Marine Support Ltd,2025-04-26T07:20:00+00:00,2025-04-26T07:47:00+00:00,corrective_action
4e5b7b03-004d-402c-98ef-3ad4f947109a,INC-2026-000030,Folake Oladipo,folake.oladipo@example.com,Drilling,Onshore Gas Processing Plant,Process Train 1,Environmental Release,Low,Night,"Warm, humid, rain clearing",chemical dosing skid,,2025-05-13T20:23:00+00:00,2025-05-13T21:16:00+00:00,corrective_action
ba0d1ab8-b810-4253-896d-d1175a3577b6,INC-2026-000031,Babatunde Ogunleye,babatunde.ogunleye@example.com,Logistics,Akwa Ibom site,Maintenance Workshop,Slip/Trip/Fall,Medium,Day,"Intermittent rain, humid conditions",grating panel,Eastern Plant Maintenance Ltd,2025-06-17T13:52:00+00:00,2025-06-17T14:15:00+00:00,closed
ffba9091-c73f-4354-9ecb-2e7daa1e95c2,INC-2026-000032,Ifunanya Umeh,ifunanya.umeh@example.com,Maintenance,Onshore Gas Processing Plant,Gas Compression Unit,Electrical Hazard,Low,Afternoon,Overcast with light rain,temporary power cable,,2025-07-30T18:51:00+00:00,2025-07-30T19:45:00+00:00,pending_verification
d000584b-7002-4466-8588-276695b96612,INC-2026-000033,Chinedu Okafor,chinedu.okafor@example.com,Drilling,Eastern Flow Station,Pump House,Electrical Hazard,Critical,Day,"Intermittent rain, humid conditions",temporary power cable,Coastal Integrity Nigeria Ltd,2025-08-27T10:54:00+00:00,2025-08-27T11:27:00+00:00,investigation
f411178e-2928-4f05-a86e-1385107765c2,INC-2026-000034,Aisha Abdullahi,aisha.abdullahi@example.com,Operations,Qua Iboe Logistics Yard,Warehouse,Electrical Hazard,Critical,Day,"Warm, humid, rain clearing",temporary power cable,Apex Marine Support Ltd,2025-09-17T14:43:00+00:00,2025-09-17T15:26:00+00:00,closed
22a6ef34-bf3b-444b-9771-f1ccba20b9f0,INC-2026-000035,Oluwaseun Adebayo,oluwaseun.adebayo@example.com,Logistics,Marine Supply Base,Warehouse,Near Miss,Medium,Day,Overcast with light rain,lifting sling,,2025-10-16T07:12:00+00:00,2025-10-16T07:27:00+00:00,closed
80348b5f-6e87-4fba-a1a2-9f903fdcc99d,INC-2026-000036,Temitope Balogun,temitope.balogun@example.com,HSE,Offshore Platform Alpha,Production Deck,Environmental Release,Medium,Day,"Dry, dusty conditions",drain isolation valve,,2025-11-27T07:50:00+00:00,2025-11-27T08:14:00+00:00,under_review
d7ca1bf0-5473-4678-8959-e7d5c1c6810e,INC-2026-000037,Adeola Adeyemi,adeola.adeyemi@example.com,Operations,Eket Drilling Site,Rig Floor,Slip/Trip/Fall,Low,Afternoon,Hot and dry with light haze,temporary walkway,Coastal Integrity Nigeria Ltd,2025-12-02T18:37:00+00:00,2025-12-02T19:13:00+00:00,under_review
b21a676f-2aa2-4718-98d2-041167fef39d,INC-2026-000038,Folake Oladipo,folake.oladipo@example.com,Operations,Eket Drilling Site,Rig Floor,Dropped Object,Low,Night,Humid with calm wind,small-bore fitting,Coastal Integrity Nigeria Ltd,2026-01-04T06:09:00+00:00,2026-01-04T06:44:00+00:00,under_review
739f3236-fbd2-4ca1-8b9e-621e1bc20505,INC-2026-000039,Chinedu Okafor,chinedu.okafor@example.com,Maintenance,Eket Drilling Site,Mud Plant,PPE Non-Compliance,High,Day,"Dry, dusty conditions",fall-arrest harness,Coastal Integrity Nigeria Ltd,2026-02-22T08:38:00+00:00,2026-02-22T09:14:00+00:00,closed
d2239292-166c-4ba4-9b0b-d8b74454688f,INC-2026-000040,Zainab Yusuf,zainab.yusuf@example.com,Maintenance,Onshore Gas Processing Plant,Gas Compression Unit,Near Miss,Medium,Afternoon,"Dry, dusty conditions",pipe handling tool,,2026-03-31T18:58:00+00:00,2026-03-31T19:40:00+00:00,closed
148ccc51-d293-4516-bcbb-71d70fcf1468,INC-2026-000041,Musa Ibrahim,musa.ibrahim@example.com,Logistics,Old site,Assembly Point,Near Miss,Low,Day,Humid with calm wind,mobile work platform,,2026-04-22T08:45:00+00:00,2026-04-22T09:08:00+00:00,under_review
73c39979-06b9-46ef-84d3-a4c52b17a789,INC-2026-000042,Chukwuemeka Eze,chukwuemeka.eze@example.com,HSE,Qua Iboe Logistics Yard,Vehicle Yard,Electrical Hazard,Low,Day,Overcast with light rain,motor isolator,,2026-05-10T14:08:00+00:00,2026-05-10T14:49:00+00:00,under_review
e4e85e2d-d8ae-4516-8935-9846cdbe200e,INC-2026-000043,Folake Oladipo,folake.oladipo@example.com,Operations,Eket Drilling Site,Well Pad,Near Miss,High,Afternoon,Heavy shower earlier; wet deck,pipe handling tool,Coastal Integrity Nigeria Ltd,2026-06-12T16:16:00+00:00,2026-06-12T16:56:00+00:00,submitted
4adfc96a-0daa-4aba-a901-cb80a5b45c95,INC-2026-000044,Obinna Okeke,obinna.okeke@example.com,Maintenance,New site,Rig Floor,PPE Non-Compliance,Low,Day,"Intermittent rain, humid conditions",chemical gloves,,2026-07-19T08:49:00+00:00,2026-07-19T09:23:00+00:00,closed
24ee58e0-aef6-4374-8f85-a8a384969ac3,INC-2026-000045,Chukwuemeka Eze,chukwuemeka.eze@example.com,Operations,Old site,Legacy Process Unit,Near Miss,Medium,Night,"Intermittent rain, humid conditions",mobile work platform,,2026-08-23T06:10:00+00:00,2026-08-23T06:47:00+00:00,submitted
5882f2dc-b0b0-4139-9147-1095b4b35ba8,INC-2026-000046,Sani Bello,sani.bello@example.com,Logistics,Offshore Platform Alpha,Helideck,Dropped Object,Critical,Day,Heavy shower earlier; wet deck,small-bore fitting,,2023-09-30T11:35:00+00:00,2023-09-30T11:57:00+00:00,corrective_action
4a7a3704-c595-443c-9585-e93a19bfdd29,INC-2026-000047,Ifunanya Umeh,ifunanya.umeh@example.com,Logistics,Onshore,Process Train,Equipment Failure,High,Day,Heavy shower earlier; wet deck,lifting winch,,2026-07-27T09:21:00+00:00,2026-07-27T09:39:00+00:00,closed
5bbb6d7e-ae92-49c0-adce-41e0d0a5d11a,INC-2026-000048,Ifunanya Umeh,ifunanya.umeh@example.com,HSE,Onshore Gas Processing Plant,Tank Farm,Environmental Release,Medium,Day,Humid with calm wind,drain isolation valve,Eastern Plant Maintenance Ltd,2025-03-09T14:16:00+00:00,2025-03-09T14:38:00+00:00,closed
51a9908b-ec97-428b-b200-04b256f284e5,INC-2026-000049,Temitope Balogun,temitope.balogun@example.com,HSE,Qua Iboe Logistics Yard,Warehouse,Vehicle Incident,Medium,Night,Heavy shower earlier; wet deck,forklift,Apex Marine Support Ltd,2026-08-16T20:25:00+00:00,2026-08-16T21:08:00+00:00,corrective_action
fe798b19-a9ab-46c0-b602-3217fd185a97,INC-2026-000050,Adaeze Nwosu,adaeze.nwosu@example.com,HSE,Onshore,Process Train,Oil/Chemical Spillage,Low,Afternoon,"Warm, humid, rain clearing",lubricant tote valve,,2024-08-09T16:14:00+00:00,2024-08-09T16:36:00+00:00,under_review
4e52e1fa-8ae6-4934-8468-1d331543b8e0,INC-2026-000051,Temitope Balogun,temitope.balogun@example.com,Maintenance,Offshore Platform Alpha,Drilling Deck,Near Miss,Low,Day,"Warm, humid, rain clearing",mobile work platform,,2024-08-04T09:53:00+00:00,2024-08-04T10:47:00+00:00,submitted
9a06e6ed-c683-4798-84e5-b81a48338de3,INC-2026-000052,Oluwaseun Adebayo,oluwaseun.adebayo@example.com,HSE,Eastern Flow Station,Pump House,Electrical Hazard,Low,Day,"Warm, humid, rain clearing",junction box,,2026-08-24T08:19:00+00:00,2026-08-24T08:43:00+00:00,closed
58386878-c579-4e0c-bfde-5279390ac471,INC-2026-000053,Chukwuemeka Eze,chukwuemeka.eze@example.com,Maintenance,Eket Drilling Site,Mud Plant,Equipment Failure,Medium,Afternoon,Heavy shower earlier; wet deck,lifting winch,Apex Marine Support Ltd,2024-07-09T18:38:00+00:00,2024-07-09T19:09:00+00:00,submitted
dda2495c-88cc-41e9-8ac6-dc083a5583cb,INC-2026-000054,Temitope Balogun,temitope.balogun@example.com,Logistics,Old site,Legacy Process Unit,Near Miss,Medium,Day,"Warm, humid, rain clearing",pipe handling tool,,2025-05-02T07:05:00+00:00,2025-05-02T08:02:00+00:00,corrective_action
ec499372-eebd-4b5a-a143-204e4106d8dc,INC-2026-000055,Chinedu Okafor,chinedu.okafor@example.com,Maintenance,Akwa Ibom site,Maintenance Workshop,PPE Non-Compliance,Medium,Afternoon,"Cloudy and dry, visibility good",eye protection,,2025-12-28T16:48:00+00:00,2025-12-28T17:27:00+00:00,corrective_action
7e4795e0-31a7-4abc-8bf0-32c774bd661c,INC-2026-000056,Adaeze Nwosu,adaeze.nwosu@example.com,Maintenance,Akwa Ibom site,Maintenance Workshop,Near Miss,Low,Day,"Dry, dusty conditions",pipe handling tool,,2026-04-12T10:20:00+00:00,2026-04-12T10:45:00+00:00,under_review
b8425f6e-8b25-427d-bd38-9da83a956871,INC-2026-000057,Chinedu Okafor,chinedu.okafor@example.com,Drilling,New site,Site Camp,Slip/Trip/Fall,Low,Day,"Intermittent rain, humid conditions",access stair tread,,2026-08-22T11:08:00+00:00,2026-08-22T11:36:00+00:00,submitted
177c7b0c-07f6-4c11-b2ec-b8216954e2b6,INC-2026-000058,Eno Etim,eno.etim@example.com,Maintenance,Onshore,Control Room,Near Miss,Low,Day,Heavy shower earlier; wet deck,pipe handling tool,,2023-10-21T09:06:00+00:00,2023-10-21T09:56:00+00:00,submitted
e5e8b1a7-0ec0-42f8-a1ca-29e8f252879f,INC-2026-000059,Eno Etim,eno.etim@example.com,Operations,Eastern Flow Station,Separator Area,Slip/Trip/Fall,High,Afternoon,Heavy shower earlier; wet deck,grating panel,Coastal Integrity Nigeria Ltd,2025-05-26T15:09:00+00:00,2025-05-26T15:57:00+00:00,pending_verification
f31320db-c4a6-4116-923d-f20a05d5c2ff,INC-2026-000060,Chukwuemeka Eze,chukwuemeka.eze@example.com,Logistics,Onshore,Process Train,Near Miss,Medium,Day,"Cloudy and dry, visibility good",pressure gauge,,2026-04-25T10:42:00+00:00,2026-04-25T11:27:00+00:00,submitted
98bb997d-15bf-444a-b78b-f0fe02f1d288,INC-2026-000061,Chinedu Okafor,chinedu.okafor@example.com,Maintenance,Old site,Legacy Process Unit,Equipment Failure,Medium,Day,Humid with calm wind,process valve actuator,,2025-04-05T10:37:00+00:00,2025-04-05T10:56:00+00:00,under_review
30b78a61-5eb1-4796-8217-d342c20d6f45,INC-2026-000062,Zainab Yusuf,zainab.yusuf@example.com,Drilling,Marine Supply Base,Warehouse,Near Miss,Critical,Day,Overcast with light rain,mobile work platform,,2025-10-20T09:06:00+00:00,2025-10-20T09:57:00+00:00,pending_verification
32db0531-8da9-4e69-9e2e-5206a29bcb73,INC-2026-000063,Chukwuemeka Eze,chukwuemeka.eze@example.com,Logistics,Onshore Gas Processing Plant,Tank Farm,Vehicle Incident,Low,Day,"Cloudy and dry, visibility good",telehandler,,2026-04-27T09:04:00+00:00,2026-04-27T09:52:00+00:00,submitted
4017de34-2643-44cf-a4be-98d3cc937f47,INC-2026-000064,Adeola Adeyemi,adeola.adeyemi@example.com,Maintenance,Onshore,Process Train,Fire,Critical,Afternoon,"Warm, humid, rain clearing",hydraulic power pack,,2024-08-01T15:48:00+00:00,2024-08-01T16:09:00+00:00,pending_verification
eff4937d-2ce4-4ffc-ab8b-c48f993e2e0c,INC-2026-000065,Eno Etim,eno.etim@example.com,Logistics,Eket Drilling Site,Mud Plant,Fire,Medium,Afternoon,"Dry, dusty conditions",hot-work area,Coastal Integrity Nigeria Ltd,2024-04-15T18:36:00+00:00,2024-04-15T19:17:00+00:00,corrective_action
5cf860a9-1746-4a15-85ba-104d27cf4b98,INC-2026-000066,Chukwuemeka Eze,chukwuemeka.eze@example.com,Logistics,Old site,Power House,Near Miss,High,Day,Heavy shower earlier; wet deck,pipe handling tool,,2024-07-19T08:43:00+00:00,2024-07-19T09:32:00+00:00,closed
7c7557c5-e36d-4d56-bb6e-77b9c33c3000,INC-2026-000067,Adaeze Nwosu,adaeze.nwosu@example.com,Drilling,Onshore,Process Train,Oil/Chemical Spillage,Medium,Day,Overcast with light rain,pump seal assembly,,2026-08-10T10:41:00+00:00,2026-08-10T11:25:00+00:00,closed
3c9616f1-de6a-46f2-8402-e72f08eedf04,INC-2026-000068,Chukwuemeka Eze,chukwuemeka.eze@example.com,Maintenance,Offshore Platform Alpha,Production Deck,Slip/Trip/Fall,Critical,Day,"Dry, dusty conditions",cable ramp,,2025-01-08T14:55:00+00:00,2025-01-08T15:21:00+00:00,pending_verification
d29d8163-c5b7-4fbf-81c1-f3b90dec3547,INC-2026-000069,Musa Ibrahim,musa.ibrahim@example.com,Quality,New site,Well Pad,Near Miss,Critical,Day,"Intermittent rain, humid conditions",pipe handling tool,,2024-05-28T11:20:00+00:00,2024-05-28T12:17:00+00:00,investigation
fa2c0539-4a44-469b-b295-ae72256dce7a,INC-2026-000070,Oluwaseun Adebayo,oluwaseun.adebayo@example.com,Quality,Eastern Flow Station,Separator Area,PPE Non-Compliance,Medium,Day,"Cloudy and dry, visibility good",respiratory protection set,Apex Marine Support Ltd,2024-04-16T08:13:00+00:00,2024-04-16T09:07:00+00:00,corrective_action
c9e104cc-186d-4bd6-bd21-267d757db687,INC-2026-000071,Sani Bello,sani.bello@example.com,Logistics,Onshore,Tank Farm,Environmental Release,Medium,Night,Overcast with light rain,waste transfer hose,,2026-08-09T20:22:00+00:00,2026-08-09T20:56:00+00:00,investigation
fae36f1b-e72b-4197-80a3-ad23b9740038,INC-2026-000072,Obinna Okeke,obinna.okeke@example.com,HSE,Marine Supply Base,Warehouse,Slip/Trip/Fall,High,Day,Heavy shower earlier; wet deck,temporary walkway,,2024-09-25T10:09:00+00:00,2024-09-25T10:53:00+00:00,pending_verification
768541c2-2777-46a7-b280-f5f0d916dcdc,INC-2026-000073,Adeola Adeyemi,adeola.adeyemi@example.com,HSE,Eket Drilling Site,Rig Floor,Dropped Object,Medium,Day,Heavy shower earlier; wet deck,portable sensor,,2025-06-15T14:42:00+00:00,2025-06-15T15:11:00+00:00,submitted
3e966b1d-a436-4f43-98f2-02df18eccea9,INC-2026-000074,Obinna Okeke,obinna.okeke@example.com,Drilling,Eket Drilling Site,Well Pad,Slip/Trip/Fall,High,Night,"Cloudy and dry, visibility good",grating panel,,2025-01-28T20:05:00+00:00,2025-01-28T20:21:00+00:00,under_review
405cbb44-f432-4a69-9031-56c1c6f745a1,INC-2026-000075,Aisha Abdullahi,aisha.abdullahi@example.com,HSE,Marine Supply Base,Warehouse,Slip/Trip/Fall,Medium,Day,"Dry, dusty conditions",cable ramp,,2023-11-06T14:32:00+00:00,2023-11-06T15:23:00+00:00,investigation
d0e05e18-1f07-4e12-a611-51eda9f44e34,INC-2026-000076,Zainab Yusuf,zainab.yusuf@example.com,Drilling,Onshore,Process Train,Electrical Hazard,Low,Day,Heavy shower earlier; wet deck,junction box,,2024-06-17T08:34:00+00:00,2024-06-17T09:18:00+00:00,corrective_action
8aa94234-d1fa-4e9e-ac7f-5d5a8e8f0815,INC-2026-000077,Bashir Shehu,bashir.shehu@example.com,HSE,Marine Supply Base,Marine Jetty,PPE Non-Compliance,Low,Afternoon,Overcast with light rain,eye protection,,2024-09-01T18:27:00+00:00,2024-09-01T18:47:00+00:00,investigation
4ab86ae4-82bf-4cb6-a9fa-259ca737f829,INC-2026-000078,Obinna Okeke,obinna.okeke@example.com,Operations,Offshore Platform Alpha,Production Deck,Dropped Object,Low,Afternoon,"Warm, humid, rain clearing",spanner set,,2024-10-01T16:29:00+00:00,2024-10-01T17:08:00+00:00,closed
500449e3-c47e-4117-8584-0e12b823e9a9,INC-2026-000079,Adeola Adeyemi,adeola.adeyemi@example.com,Logistics,New site,Well Pad,Slip/Trip/Fall,Medium,Day,Heavy shower earlier; wet deck,access stair tread,,2026-07-30T07:38:00+00:00,2026-07-30T08:30:00+00:00,corrective_action
ed703573-573e-4850-a722-0f74ef39bbcf,INC-2026-000080,Ebiere Preye,ebiere.preye@example.com,HSE,Eastern Flow Station,Pump House,Oil/Chemical Spillage,Medium,Day,"Intermittent rain, humid conditions",diesel day tank connection,Apex Marine Support Ltd,2024-09-07T08:54:00+00:00,2024-09-07T09:29:00+00:00,submitted
a207872c-2190-40c4-8dd0-25007524eacd,INC-2026-000081,Musa Ibrahim,musa.ibrahim@example.com,Maintenance,Onshore,Tank Farm,Slip/Trip/Fall,Medium,Day,Overcast with light rain,cable ramp,,2026-07-15T09:59:00+00:00,2026-07-15T10:51:00+00:00,submitted
9a3b2252-83b3-4012-a428-df6759b5bfd2,INC-2026-000082,Aisha Abdullahi,aisha.abdullahi@example.com,Quality,Offshore Platform Alpha,Helideck,Electrical Hazard,High,Day,"Warm, humid, rain clearing",junction box,,2025-07-25T07:02:00+00:00,2025-07-25T07:45:00+00:00,under_review
8f69962a-f6da-4b7e-a3ee-5f375ecf8616,INC-2026-000083,Obinna Okeke,obinna.okeke@example.com,HSE,Eket Drilling Site,Rig Floor,Near Miss,High,Night,Overcast with light rain,lifting sling,,2024-08-29T06:48:00+00:00,2024-08-29T07:15:00+00:00,investigation
76027c4b-00e0-4a7e-a68c-9f4ede76e1a8,INC-2026-000084,Chukwuemeka Eze,chukwuemeka.eze@example.com,Operations,Onshore,Process Train,Oil/Chemical Spillage,Low,Day,"Warm, humid, rain clearing",diesel day tank connection,,2024-05-13T11:00:00+00:00,2024-05-13T11:22:00+00:00,investigation
a7c7f06e-d969-4c0c-b6cf-ff150ac7e4b6,INC-2026-000085,Temitope Balogun,temitope.balogun@example.com,Logistics,Eket Drilling Site,Well Pad,Near Miss,Medium,Day,"Warm, humid, rain clearing",mobile work platform,,2025-05-24T14:20:00+00:00,2025-05-24T15:03:00+00:00,under_review
ddfd5cda-2f59-4156-b61b-e876a4d3bd58,INC-2026-000086,Zainab Yusuf,zainab.yusuf@example.com,Maintenance,Eastern Flow Station,Pump House,Slip/Trip/Fall,Critical,Day,Heavy shower earlier; wet deck,temporary walkway,Apex Marine Support Ltd,2025-10-20T07:42:00+00:00,2025-10-20T07:58:00+00:00,submitted
7bfa2121-570e-41bb-a7a2-6b35be602dbb,INC-2026-000087,Zainab Yusuf,zainab.yusuf@example.com,Drilling,Offshore Platform Alpha,Production Deck,Dropped Object,Medium,Day,"Warm, humid, rain clearing",portable sensor,,2024-06-01T09:09:00+00:00,2024-06-01T09:51:00+00:00,investigation
7d06bcba-f695-4e61-9513-8dd12c65312d,INC-2026-000088,Folake Oladipo,folake.oladipo@example.com,Maintenance,Akwa Ibom site,Maintenance Workshop,Equipment Failure,Low,Day,Humid with calm wind,lifting winch,,2026-01-18T14:11:00+00:00,2026-01-18T14:44:00+00:00,submitted
2cb78743-aa49-4700-a013-8345338faae1,INC-2026-000089,Chinedu Okafor,chinedu.okafor@example.com,Quality,Old site,Power House,Electrical Hazard,High,Afternoon,"Dry, dusty conditions",temporary power cable,,2025-01-27T16:08:00+00:00,2025-01-27T16:48:00+00:00,submitted
9bf8de82-81b8-4fac-8494-7a89a4b02a71,INC-2026-000090,Adaeze Nwosu,adaeze.nwosu@example.com,HSE,Qua Iboe Logistics Yard,Warehouse,Slip/Trip/Fall,Critical,Night,"Intermittent rain, humid conditions",grating panel,,2025-09-25T20:07:00+00:00,2025-09-25T20:22:00+00:00,investigation
a9a3b688-34cb-4171-8c3e-a642f4f95d53,INC-2026-000091,Adaeze Nwosu,adaeze.nwosu@example.com,Drilling,Offshore Platform Alpha,Production Deck,Dropped Object,Medium,Afternoon,"Dry, dusty conditions",tag line hook,,2026-04-21T15:45:00+00:00,2026-04-21T16:26:00+00:00,pending_verification
4f39bb2a-5e98-4202-a0ba-9a3e6ef6b47a,INC-2026-000092,Chukwuemeka Eze,chukwuemeka.eze@example.com,Logistics,Onshore Gas Processing Plant,Process Train 1,Slip/Trip/Fall,High,Night,"Dry, dusty conditions",temporary walkway,,2023-12-01T06:21:00+00:00,2023-12-01T06:58:00+00:00,under_review
2826d3e3-a3c1-44b9-bff7-978c5de5161e,INC-2026-000093,Zainab Yusuf,zainab.yusuf@example.com,Operations,New site,Rig Floor,Equipment Failure,High,Night,Hot and dry with light haze,lifting winch,,2025-02-11T20:15:00+00:00,2025-02-11T20:53:00+00:00,investigation
24e7854d-9308-4b42-89cb-5186e4973917,INC-2026-000094,Adaeze Nwosu,adaeze.nwosu@example.com,Maintenance,Marine Supply Base,Marine Jetty,Slip/Trip/Fall,Low,Day,Heavy shower earlier; wet deck,access stair tread,Eastern Plant Maintenance Ltd,2025-08-28T13:12:00+00:00,2025-08-28T13:31:00+00:00,submitted
e62a01e2-92a7-4200-83e8-f7fc3a1e45a2,INC-2026-000095,Babatunde Ogunleye,babatunde.ogunleye@example.com,Quality,Eastern Flow Station,Emergency Assembly Point,PPE Non-Compliance,Low,Day,Hot and dry with light haze,chemical gloves,,2024-01-17T08:04:00+00:00,2024-01-17T08:30:00+00:00,under_review
37ca734c-78f3-417d-a0f3-b5da3a2409f1,INC-2026-000096,Aisha Abdullahi,aisha.abdullahi@example.com,HSE,Onshore Gas Processing Plant,Process Train 1,Slip/Trip/Fall,Medium,Afternoon,"Warm, humid, rain clearing",access stair tread,,2025-09-11T16:40:00+00:00,2025-09-11T16:55:00+00:00,submitted
947be234-70ef-41ee-a9c2-7d52a843eca4,INC-2026-000097,Favour Briggs,favour.briggs@example.com,Logistics,Qua Iboe Logistics Yard,Marine Jetty,Equipment Failure,Low,Day,Heavy shower earlier; wet deck,process valve actuator,,2023-10-10T13:33:00+00:00,2023-10-10T13:55:00+00:00,pending_verification
21e912d2-5d5b-48f1-a993-313f1ae04c15,INC-2026-000098,Oluwaseun Adebayo,oluwaseun.adebayo@example.com,Quality,Akwa Ibom site,Maintenance Workshop,Electrical Hazard,High,Night,Humid with calm wind,junction box,,2024-02-25T20:48:00+00:00,2024-02-25T21:42:00+00:00,submitted
76aeb43e-4575-44ec-a5f7-a4aa19b9b51f,INC-2026-000099,Temitope Balogun,temitope.balogun@example.com,Drilling,Akwa Ibom site,Maintenance Workshop,Slip/Trip/Fall,Low,Afternoon,"Intermittent rain, humid conditions",access stair tread,,2026-08-16T15:59:00+00:00,2026-08-16T16:44:00+00:00,investigation
6cfd79c2-ba3c-4fe5-96f9-c573a36d10af,INC-2026-000100,Zainab Yusuf,zainab.yusuf@example.com,HSE,New site,Well Pad,Slip/Trip/Fall,Low,Day,Heavy shower earlier; wet deck,cable ramp,,2026-06-20T08:42:00+00:00,2026-06-20T09:18:00+00:00,corrective_action
dad61486-ea1e-4e23-8ef0-118458442ca9,INC-2026-000101,Temitope Balogun,temitope.balogun@example.com,HSE,Eastern Flow Station,Separator Area,Slip/Trip/Fall,Medium,Night,"Warm, humid, rain clearing",cable ramp,,2026-07-25T06:59:00+00:00,2026-07-25T07:36:00+00:00,pending_verification
db0088b2-32af-4225-820c-244ab499291c,INC-2026-000102,Temitope Balogun,temitope.balogun@example.com,HSE,Eastern Flow Station,Pump House,Electrical Hazard,Low,Day,Hot and dry with light haze,portable lighting circuit,Coastal Integrity Nigeria Ltd,2026-01-15T08:26:00+00:00,2026-01-15T09:21:00+00:00,closed
81628900-c386-4871-afd6-c3e4efb95db8,INC-2026-000103,Zainab Yusuf,zainab.yusuf@example.com,HSE,New site,Well Pad,Near Miss,Low,Day,"Cloudy and dry, visibility good",mobile work platform,,2026-02-11T13:10:00+00:00,2026-02-11T13:56:00+00:00,corrective_action
f7cf0cbe-6f0f-4420-b44b-cd78e353639a,INC-2026-000104,Aisha Abdullahi,aisha.abdullahi@example.com,Operations,Eket Drilling Site,Rig Floor,Near Miss,High,Night,"Dry, dusty conditions",mobile work platform,,2024-12-14T06:08:00+00:00,2024-12-14T06:44:00+00:00,closed
ad6762c1-f229-4a96-b6a7-4d0574cce233,INC-2026-000105,Babatunde Ogunleye,babatunde.ogunleye@example.com,HSE,Eastern Flow Station,Pump House,Electrical Hazard,Medium,Day,Hot and dry with light haze,temporary power cable,Apex Marine Support Ltd,2025-11-06T08:10:00+00:00,2025-11-06T08:45:00+00:00,submitted
3b1d1639-6252-4f7c-b430-66585e4fa9b9,INC-2026-000106,Ifunanya Umeh,ifunanya.umeh@example.com,Maintenance,Offshore Platform Alpha,Production Deck,Environmental Release,Low,Afternoon,Overcast with light rain,produced-water line,,2025-07-05T15:07:00+00:00,2025-07-05T15:23:00+00:00,submitted
674d58d0-642e-4c46-a6d3-02f99eee42de,INC-2026-000107,Favour Briggs,favour.briggs@example.com,Logistics,Eastern Flow Station,Pump House,Near Miss,Medium,Afternoon,"Warm, humid, rain clearing",pipe handling tool,,2023-10-01T18:08:00+00:00,2023-10-01T19:04:00+00:00,corrective_action
d087addb-493a-48fb-b7c9-8f97a8ba3220,INC-2026-000108,Iniobong Akpan,iniobong.akpan@example.com,Drilling,Eket Drilling Site,Mud Plant,Equipment Failure,Low,Night,Heavy shower earlier; wet deck,lifting winch,,2025-07-20T06:28:00+00:00,2025-07-20T06:58:00+00:00,investigation
ffb5fe80-074a-4c3f-8c68-d5c76e51f42e,INC-2026-000109,Folake Oladipo,folake.oladipo@example.com,HSE,Onshore,Process Train,Fire,High,Day,Heavy shower earlier; wet deck,hydraulic power pack,,2026-08-30T10:07:00+00:00,2026-08-30T10:40:00+00:00,submitted
4458e2da-0030-4199-85ab-acf0849ed753,INC-2026-000110,Chukwuemeka Eze,chukwuemeka.eze@example.com,HSE,Onshore Gas Processing Plant,Process Train 1,Near Miss,Critical,Day,"Intermittent rain, humid conditions",lifting sling,Coastal Integrity Nigeria Ltd,2026-07-16T13:06:00+00:00,2026-07-16T13:56:00+00:00,corrective_action
a11eafe5-1072-451e-a4d9-e2023b7a67ec,INC-2026-000111,Chinedu Okafor,chinedu.okafor@example.com,Drilling,Onshore,Process Train,Oil/Chemical Spillage,Critical,Afternoon,"Cloudy and dry, visibility good",lubricant tote valve,,2023-12-30T16:35:00+00:00,2023-12-30T17:19:00+00:00,submitted
825bb4ba-2ff6-4d92-a04c-e0f4d521696a,INC-2026-000112,Oluwaseun Adebayo,oluwaseun.adebayo@example.com,Drilling,Marine Supply Base,Warehouse,Slip/Trip/Fall,Low,Night,Heavy shower earlier; wet deck,temporary walkway,,2024-09-11T06:22:00+00:00,2024-09-11T06:50:00+00:00,investigation
a0ae69ec-959e-4952-9049-67803fd88eb3,INC-2026-000113,Ifunanya Umeh,ifunanya.umeh@example.com,HSE,Eastern Flow Station,Separator Area,Slip/Trip/Fall,Low,Afternoon,"Dry, dusty conditions",cable ramp,Apex Marine Support Ltd,2025-04-25T18:44:00+00:00,2025-04-25T19:41:00+00:00,corrective_action
26a08a0e-43f2-41a0-9a6c-c7828f7f9d7c,INC-2026-000114,Aisha Abdullahi,aisha.abdullahi@example.com,Operations,Eastern Flow Station,Separator Area,Near Miss,Low,Day,"Warm, humid, rain clearing",lifting sling,,2025-05-03T14:18:00+00:00,2025-05-03T15:10:00+00:00,pending_verification
c38a3894-6b22-485e-b7dd-bf3fb95bf192,INC-2026-000115,Chukwuemeka Eze,chukwuemeka.eze@example.com,Logistics,Onshore,Process Train,Fire,Critical,Day,"Warm, humid, rain clearing",hydraulic power pack,,2025-09-16T07:39:00+00:00,2025-09-16T08:00:00+00:00,corrective_action
a048f9b8-48b3-4ac6-8116-9afb83f382cc,INC-2026-000116,Ifunanya Umeh,ifunanya.umeh@example.com,Maintenance,Old site,Power House,Near Miss,Low,Night,Overcast with light rain,lifting sling,,2024-09-03T06:25:00+00:00,2024-09-03T06:51:00+00:00,submitted
4563cce1-cbd7-48e8-8f6b-809a51d127fd,INC-2026-000117,Folake Oladipo,folake.oladipo@example.com,Quality,Onshore,Process Train,Oil/Chemical Spillage,Low,Afternoon,Heavy shower earlier; wet deck,chemical transfer hose,,2024-07-21T18:53:00+00:00,2024-07-21T19:42:00+00:00,under_review
5cccdb12-4985-4114-ab7d-ab558867442e,INC-2026-000118,Zainab Yusuf,zainab.yusuf@example.com,HSE,Eastern Flow Station,Pump House,Fire,Medium,Day,"Warm, humid, rain clearing",hot-work area,,2024-06-25T08:34:00+00:00,2024-06-25T09:17:00+00:00,corrective_action
2c0d855a-a5df-4bf6-9046-c271b3b58b8e,INC-2026-000119,Ifunanya Umeh,ifunanya.umeh@example.com,Operations,Qua Iboe Logistics Yard,Warehouse,Near Miss,Medium,Day,"Warm, humid, rain clearing",pressure gauge,Apex Marine Support Ltd,2025-09-06T10:17:00+00:00,2025-09-06T10:48:00+00:00,closed
b158aaf7-9929-4f49-8048-706d9ba6df68,INC-2026-000120,Folake Oladipo,folake.oladipo@example.com,Logistics,Qua Iboe Logistics Yard,Vehicle Yard,Vehicle Incident,Low,Day,"Cloudy and dry, visibility good",service truck,Niger Delta Well Services Ltd,2026-02-22T14:33:00+00:00,2026-02-22T14:51:00+00:00,submitted
fd97fe4b-b83a-4a0f-81dc-b73e84ced257,INC-2026-000121,Oluwaseun Adebayo,oluwaseun.adebayo@example.com,Maintenance,Marine Supply Base,Warehouse,Vehicle Incident,Medium,Day,"Cloudy and dry, visibility good",service truck,Apex Marine Support Ltd,2023-12-15T10:37:00+00:00,2023-12-15T11:19:00+00:00,closed
325b8e27-2499-4b6a-a1eb-cb92a276beac,INC-2026-000122,Iniobong Akpan,iniobong.akpan@example.com,Quality,Onshore,Tank Farm,Oil/Chemical Spillage,Low,Night,Humid with calm wind,lubricant tote valve,,2026-03-25T20:10:00+00:00,2026-03-25T20:32:00+00:00,investigation
944b4449-71cc-4f92-9e74-5efef376f02d,INC-2026-000123,Ifunanya Umeh,ifunanya.umeh@example.com,Drilling,Marine Supply Base,Vehicle Yard,Slip/Trip/Fall,Medium,Afternoon,Heavy shower earlier; wet deck,access stair tread,Coastal Integrity Nigeria Ltd,2024-05-19T16:19:00+00:00,2024-05-19T16:56:00+00:00,submitted
99601395-e5a9-4e66-b3ca-b898e236a5c9,INC-2026-000124,Obinna Okeke,obinna.okeke@example.com,HSE,Old site,Assembly Point,Near Miss,Critical,Day,Overcast with light rain,mobile work platform,Niger Delta Well Services Ltd,2025-05-23T07:43:00+00:00,2025-05-23T08:13:00+00:00,pending_verification
c4329e9e-10c3-4816-9c47-6b90c1c1d95d,INC-2026-000125,Ifunanya Umeh,ifunanya.umeh@example.com,Operations,Eastern Flow Station,Pump House,Near Miss,Medium,Afternoon,"Cloudy and dry, visibility good",mobile work platform,,2025-04-14T15:39:00+00:00,2025-04-14T16:33:00+00:00,corrective_action
eed19209-cb40-4df1-aa21-ca2bf66bcb37,INC-2026-000126,Babatunde Ogunleye,babatunde.ogunleye@example.com,Drilling,Qua Iboe Logistics Yard,Marine Jetty,Fire,Medium,Night,Overcast with light rain,hydraulic power pack,,2025-07-19T06:17:00+00:00,2025-07-19T06:46:00+00:00,investigation
493ee065-fb63-45b2-94d4-0e8c025d5e07,INC-2026-000127,Obinna Okeke,obinna.okeke@example.com,Operations,Marine Supply Base,Vehicle Yard,Fire,Low,Day,"Cloudy and dry, visibility good",hydraulic power pack,Coastal Integrity Nigeria Ltd,2024-01-03T10:14:00+00:00,2024-01-03T10:56:00+00:00,corrective_action
0fc71f9f-0b06-49ee-a721-c6822dcd6cc6,INC-2026-000128,Ifunanya Umeh,ifunanya.umeh@example.com,Quality,Eastern Flow Station,Separator Area,PPE Non-Compliance,Critical,Afternoon,Heavy shower earlier; wet deck,respiratory protection set,,2026-08-19T16:32:00+00:00,2026-08-19T17:09:00+00:00,corrective_action
88a7a831-5fc8-46e0-aced-cf7265a4cdf3,INC-2026-000129,Oluwaseun Adebayo,oluwaseun.adebayo@example.com,Quality,Marine Supply Base,Warehouse,Slip/Trip/Fall,Low,Afternoon,Hot and dry with light haze,access stair tread,,2025-11-09T18:35:00+00:00,2025-11-09T19:07:00+00:00,closed
f2714cf7-d618-4dd3-b869-1f756ce54eac,INC-2026-000130,Oluwaseun Adebayo,oluwaseun.adebayo@example.com,Quality,Onshore Gas Processing Plant,Gas Compression Unit,Electrical Hazard,High,Afternoon,Overcast with light rain,portable lighting circuit,,2026-05-21T16:43:00+00:00,2026-05-21T17:10:00+00:00,corrective_action
39a4dc02-c0bf-4d36-bfc0-16dfbad868aa,INC-2026-000131,Musa Ibrahim,musa.ibrahim@example.com,Logistics,Eket Drilling Site,Mud Plant,Electrical Hazard,High,Day,Overcast with light rain,portable lighting circuit,,2023-09-29T09:11:00+00:00,2023-09-29T10:05:00+00:00,corrective_action
5ddfd094-68ea-415a-a31b-2761d99a560f,INC-2026-000132,Folake Oladipo,folake.oladipo@example.com,Logistics,Akwa Ibom site,Operations Office,Slip/Trip/Fall,High,Night,Overcast with light rain,grating panel,,2023-09-30T20:27:00+00:00,2023-09-30T21:02:00+00:00,investigation
7b33c7c8-7179-41d2-82c3-48d92c24faa2,INC-2026-000133,Oluwaseun Adebayo,oluwaseun.adebayo@example.com,Maintenance,Qua Iboe Logistics Yard,Marine Jetty,Slip/Trip/Fall,Medium,Night,Overcast with light rain,temporary walkway,,2025-10-03T20:06:00+00:00,2025-10-03T20:51:00+00:00,closed
a7565fbd-27dd-4261-b65e-6d849d26c81c,INC-2026-000134,Chukwuemeka Eze,chukwuemeka.eze@example.com,HSE,Old site,Legacy Process Unit,Equipment Failure,Critical,Day,"Warm, humid, rain clearing",air compressor,,2024-09-18T14:48:00+00:00,2024-09-18T15:15:00+00:00,submitted
e6e312c8-50b3-4513-9b8e-18ad16ad24f7,INC-2026-000135,Temitope Balogun,temitope.balogun@example.com,Logistics,New site,Rig Floor,Slip/Trip/Fall,Low,Day,Humid with calm wind,temporary walkway,,2026-02-19T10:26:00+00:00,2026-02-19T10:44:00+00:00,closed
a057e8f2-ff80-4d31-a9d6-c01e498af4e7,INC-2026-000136,Zainab Yusuf,zainab.yusuf@example.com,HSE,Qua Iboe Logistics Yard,Warehouse,Slip/Trip/Fall,Medium,Day,Hot and dry with light haze,access stair tread,Coastal Integrity Nigeria Ltd,2024-11-15T13:28:00+00:00,2024-11-15T14:11:00+00:00,under_review
0565ffc8-d25c-417f-b2e8-1fcf90abc942,INC-2026-000137,Temitope Balogun,temitope.balogun@example.com,Operations,Eastern Flow Station,Separator Area,Oil/Chemical Spillage,Low,Day,Hot and dry with light haze,lubricant tote valve,,2024-03-24T13:54:00+00:00,2024-03-24T14:43:00+00:00,corrective_action
7628bd53-59ba-444d-87f6-5bf538d424aa,INC-2026-000138,Babatunde Ogunleye,babatunde.ogunleye@example.com,Operations,Onshore Gas Processing Plant,Process Train 1,Oil/Chemical Spillage,Low,Afternoon,Heavy shower earlier; wet deck,chemical transfer hose,,2024-07-31T15:44:00+00:00,2024-07-31T16:09:00+00:00,corrective_action
56d33628-ea44-4a9e-97d7-131a2cac9bde,INC-2026-000139,Adaeze Nwosu,adaeze.nwosu@example.com,HSE,Onshore Gas Processing Plant,Tank Farm,Environmental Release,High,Afternoon,"Cloudy and dry, visibility good",chemical dosing skid,,2025-03-17T16:22:00+00:00,2025-03-17T16:49:00+00:00,closed
90fcaf7c-8ee5-4967-a090-afb9bf70b58e,INC-2026-000140,Aisha Abdullahi,aisha.abdullahi@example.com,Drilling,Eastern Flow Station,Pump House,Equipment Failure,Low,Night,Heavy shower earlier; wet deck,centrifugal pump,,2024-10-08T20:33:00+00:00,2024-10-08T21:15:00+00:00,investigation
674d0a5a-3fe5-4c1b-b46f-dd02fda884c3,INC-2026-000141,Zainab Yusuf,zainab.yusuf@example.com,Maintenance,Akwa Ibom site,Operations Office,Slip/Trip/Fall,Critical,Day,"Cloudy and dry, visibility good",cable ramp,,2025-03-09T11:48:00+00:00,2025-03-09T12:07:00+00:00,under_review
c487b0d3-3354-4132-ae9f-45b9111768c4,INC-2026-000142,Ifunanya Umeh,ifunanya.umeh@example.com,Maintenance,Onshore,Control Room,Near Miss,Low,Day,Overcast with light rain,pipe handling tool,,2026-07-21T14:30:00+00:00,2026-07-21T15:16:00+00:00,investigation
19786b17-e8ff-4932-8fed-6d8db59d4fd6,INC-2026-000143,Chinedu Okafor,chinedu.okafor@example.com,Maintenance,Onshore Gas Processing Plant,Process Train 1,Fire,Low,Day,Overcast with light rain,electrical distribution board,,2025-08-25T10:17:00+00:00,2025-08-25T10:48:00+00:00,corrective_action
9f6da793-3161-4e3c-adc9-2d36b3800f53,INC-2026-000144,Obinna Okeke,obinna.okeke@example.com,Logistics,Onshore Gas Processing Plant,Gas Compression Unit,Vehicle Incident,High,Night,"Cloudy and dry, visibility good",service truck,,2026-01-14T20:08:00+00:00,2026-01-14T20:32:00+00:00,corrective_action
e255d86c-f83c-432a-ba21-3715e381d98d,INC-2026-000145,Zainab Yusuf,zainab.yusuf@example.com,Quality,Eket Drilling Site,Rig Floor,Dropped Object,Low,Night,"Intermittent rain, humid conditions",spanner set,,2024-08-27T20:08:00+00:00,2024-08-27T20:50:00+00:00,investigation
be0a5e1f-64b6-4201-81c7-4fc993a58bf4,INC-2026-000146,Chinedu Okafor,chinedu.okafor@example.com,Operations,Old site,Legacy Process Unit,Slip/Trip/Fall,Low,Day,"Cloudy and dry, visibility good",grating panel,,2025-04-30T09:10:00+00:00,2025-04-30T10:09:00+00:00,corrective_action
fecd9fea-67ec-4a40-b565-38553d593429,INC-2026-000147,Bashir Shehu,bashir.shehu@example.com,Quality,Qua Iboe Logistics Yard,Vehicle Yard,Slip/Trip/Fall,Medium,Day,Humid with calm wind,temporary walkway,Apex Marine Support Ltd,2025-03-08T09:51:00+00:00,2025-03-08T10:42:00+00:00,closed
6a8e8ef2-dd4f-425a-a691-82c3fbcefc78,INC-2026-000148,Tamuno George,tamuno.george@example.com,Logistics,Qua Iboe Logistics Yard,Marine Jetty,Slip/Trip/Fall,Low,Day,Overcast with light rain,temporary walkway,,2025-06-12T08:19:00+00:00,2025-06-12T09:17:00+00:00,pending_verification
7a451b63-bbfb-4715-b732-1641f8f88c8e,INC-2026-000149,Ifunanya Umeh,ifunanya.umeh@example.com,Quality,Onshore Gas Processing Plant,Tank Farm,Environmental Release,High,Night,Heavy shower earlier; wet deck,chemical dosing skid,,2024-07-17T06:24:00+00:00,2024-07-17T06:49:00+00:00,submitted
e0c815cc-9b13-4755-8c50-36161d976257,INC-2026-000150,Babatunde Ogunleye,babatunde.ogunleye@example.com,Quality,Offshore Platform Alpha,Production Deck,Environmental Release,High,Day,"Intermittent rain, humid conditions",waste transfer hose,Niger Delta Well Services Ltd,2026-07-27T11:50:00+00:00,2026-07-27T12:29:00+00:00,under_review
b8a81f1d-404a-46e6-9851-e6f15a18b4e7,INC-2026-000151,Oluwaseun Adebayo,oluwaseun.adebayo@example.com,Operations,Onshore,Tank Farm,Oil/Chemical Spillage,Low,Afternoon,Overcast with light rain,chemical transfer hose,Apex Marine Support Ltd,2023-09-30T15:25:00+00:00,2023-09-30T16:14:00+00:00,investigation
34b6e4c7-d48a-424f-afa2-32e49e0efc8f,INC-2026-000152,Chinedu Okafor,chinedu.okafor@example.com,HSE,Onshore,Process Train,Vehicle Incident,Medium,Afternoon,"Warm, humid, rain clearing",telehandler,,2026-07-30T15:36:00+00:00,2026-07-30T16:07:00+00:00,submitted
03fbe8cb-3462-4f03-b471-a0ae0e47c4df,INC-2026-000153,Chukwuemeka Eze,chukwuemeka.eze@example.com,HSE,Qua Iboe Logistics Yard,Marine Jetty,Equipment Failure,Medium,Afternoon,"Cloudy and dry, visibility good",centrifugal pump,,2026-04-01T18:56:00+00:00,2026-04-01T19:51:00+00:00,investigation
ab330084-6256-4b6c-adb1-c0a0fdf99d75,INC-2026-000154,Bashir Shehu,bashir.shehu@example.com,Maintenance,Onshore,Control Room,Near Miss,Low,Night,Overcast with light rain,lifting sling,Apex Marine Support Ltd,2026-06-21T06:42:00+00:00,2026-06-21T06:58:00+00:00,closed
68fba027-3b46-4bd8-942d-bde7826b6879,INC-2026-000155,Adaeze Nwosu,adaeze.nwosu@example.com,Maintenance,Offshore Platform Alpha,Drilling Deck,Dropped Object,Low,Day,Overcast with light rain,spanner set,Niger Delta Well Services Ltd,2024-09-29T07:01:00+00:00,2024-09-29T07:33:00+00:00,investigation
1d0041f9-3873-40ba-88de-2c79c928f948,INC-2026-000156,Adaeze Nwosu,adaeze.nwosu@example.com,Operations,Old site,Power House,Near Miss,Low,Day,"Dry, dusty conditions",pipe handling tool,Eastern Plant Maintenance Ltd,2025-12-31T07:24:00+00:00,2025-12-31T07:46:00+00:00,corrective_action
397aee83-f71e-4d40-a121-9e9580c3c080,INC-2026-000157,Folake Oladipo,folake.oladipo@example.com,Operations,Old site,Power House,Near Miss,Low,Night,Overcast with light rain,mobile work platform,,2025-08-25T06:43:00+00:00,2025-08-25T07:37:00+00:00,submitted
48064491-2a16-43ae-b098-dc700167629b,INC-2026-000158,Eno Etim,eno.etim@example.com,Quality,Onshore,Control Room,Near Miss,Medium,Day,"Warm, humid, rain clearing",pipe handling tool,,2025-08-18T13:44:00+00:00,2025-08-18T14:16:00+00:00,investigation
92ee6983-a399-4dd9-9937-215cc6d73f13,INC-2026-000159,Ifunanya Umeh,ifunanya.umeh@example.com,Operations,Offshore Platform Alpha,Helideck,Dropped Object,Low,Day,Overcast with light rain,spanner set,,2025-09-19T13:07:00+00:00,2025-09-19T13:42:00+00:00,investigation
757f60cc-b913-4358-a98e-5384c8e803a8,INC-2026-000160,Chukwuemeka Eze,chukwuemeka.eze@example.com,Quality,Onshore Gas Processing Plant,Tank Farm,Environmental Release,Low,Day,"Cloudy and dry, visibility good",drain isolation valve,,2024-01-31T14:13:00+00:00,2024-01-31T14:45:00+00:00,under_review
12cb7371-f174-46a8-9cbc-e4718d51a371,INC-2026-000161,Folake Oladipo,folake.oladipo@example.com,Quality,Onshore Gas Processing Plant,Tank Farm,Vehicle Incident,Low,Afternoon,"Warm, humid, rain clearing",telehandler,,2025-10-25T16:23:00+00:00,2025-10-25T16:50:00+00:00,investigation
736baff7-bbea-4b3d-9321-8f7ee9629071,INC-2026-000162,Chukwuemeka Eze,chukwuemeka.eze@example.com,Logistics,Eastern Flow Station,Pump House,Near Miss,Medium,Day,"Intermittent rain, humid conditions",lifting sling,,2026-07-16T11:06:00+00:00,2026-07-16T11:35:00+00:00,pending_verification
32081f54-748b-46ca-b295-9fb71443cd89,INC-2026-000163,Musa Ibrahim,musa.ibrahim@example.com,Operations,Eket Drilling Site,Rig Floor,Dropped Object,Low,Afternoon,"Intermittent rain, humid conditions",tag line hook,,2025-06-23T15:33:00+00:00,2025-06-23T15:48:00+00:00,corrective_action
cb70fb18-dc81-4906-bf13-85cf866767c9,INC-2026-000164,Oluwaseun Adebayo,oluwaseun.adebayo@example.com,Logistics,Marine Supply Base,Warehouse,Near Miss,Low,Day,"Warm, humid, rain clearing",pressure gauge,,2025-08-02T07:59:00+00:00,2025-08-02T08:54:00+00:00,submitted
d2770233-99ab-4499-ada5-4af3a6f4922a,INC-2026-000165,Musa Ibrahim,musa.ibrahim@example.com,Operations,Akwa Ibom site,Maintenance Workshop,Electrical Hazard,Low,Day,Overcast with light rain,junction box,,2024-08-28T07:49:00+00:00,2024-08-28T08:06:00+00:00,closed
c2c00602-8784-4137-a971-3463cbf443a7,INC-2026-000166,Sani Bello,sani.bello@example.com,HSE,New site,Rig Floor,Near Miss,Critical,Day,"Cloudy and dry, visibility good",pressure gauge,,2024-01-15T07:31:00+00:00,2024-01-15T08:02:00+00:00,submitted
a60759d9-d756-4bed-bb30-48cb297c6042,INC-2026-000167,Zainab Yusuf,zainab.yusuf@example.com,Logistics,Old site,Power House,PPE Non-Compliance,Low,Day,"Intermittent rain, humid conditions",respiratory protection set,,2026-07-28T14:52:00+00:00,2026-07-28T15:38:00+00:00,under_review
9cf02555-2df4-48a0-9cc7-2aa39e3a7c24,INC-2026-000168,Temitope Balogun,temitope.balogun@example.com,Logistics,Onshore,Process Train,Environmental Release,Medium,Day,"Warm, humid, rain clearing",produced-water line,,2026-06-18T08:52:00+00:00,2026-06-18T09:30:00+00:00,under_review
03309c59-0c6a-4d2f-a492-9363e96fce4a,INC-2026-000169,Babatunde Ogunleye,babatunde.ogunleye@example.com,Logistics,Onshore,Process Train,Vehicle Incident,Medium,Day,"Cloudy and dry, visibility good",forklift,,2026-04-02T10:33:00+00:00,2026-04-02T11:14:00+00:00,under_review
8141360d-cabf-4999-a940-1f84dc7c49c3,INC-2026-000170,Oluwaseun Adebayo,oluwaseun.adebayo@example.com,Operations,Qua Iboe Logistics Yard,Warehouse,Slip/Trip/Fall,Medium,Day,Heavy shower earlier; wet deck,access stair tread,,2025-10-31T07:00:00+00:00,2025-10-31T07:48:00+00:00,closed
597245f4-8c49-4551-a17a-3008a7ddb718,INC-2026-000171,Babatunde Ogunleye,babatunde.ogunleye@example.com,HSE,Qua Iboe Logistics Yard,Marine Jetty,Equipment Failure,Medium,Day,Heavy shower earlier; wet deck,centrifugal pump,,2024-08-21T13:59:00+00:00,2024-08-21T14:41:00+00:00,submitted
15523d68-52b8-465e-b07d-07d2995b72a1,INC-2026-000172,Obinna Okeke,obinna.okeke@example.com,Quality,Eastern Flow Station,Separator Area,Oil/Chemical Spillage,Critical,Day,"Dry, dusty conditions",lubricant tote valve,Coastal Integrity Nigeria Ltd,2025-01-16T11:49:00+00:00,2025-01-16T12:36:00+00:00,closed
070b1051-6a14-4315-9a37-1934f99da907,INC-2026-000173,Oluwaseun Adebayo,oluwaseun.adebayo@example.com,HSE,Qua Iboe Logistics Yard,Warehouse,Near Miss,High,Day,Humid with calm wind,pressure gauge,,2025-11-18T14:55:00+00:00,2025-11-18T15:18:00+00:00,pending_verification
3299a822-7912-47b1-832d-0c04fd6c60fe,INC-2026-000174,Oluwaseun Adebayo,oluwaseun.adebayo@example.com,Operations,Offshore Platform Alpha,Production Deck,Oil/Chemical Spillage,Low,Night,"Intermittent rain, humid conditions",chemical transfer hose,,2025-05-09T20:59:00+00:00,2025-05-09T21:35:00+00:00,pending_verification
4890348c-01fd-4446-8925-e982b3228906,INC-2026-000175,Adeola Adeyemi,adeola.adeyemi@example.com,HSE,Old site,Power House,Near Miss,High,Day,Heavy shower earlier; wet deck,pressure gauge,Eastern Plant Maintenance Ltd,2024-05-31T11:57:00+00:00,2024-05-31T12:56:00+00:00,corrective_action
6058e38a-ba97-4c07-be68-223dc2f0294e,INC-2026-000176,Chinedu Okafor,chinedu.okafor@example.com,Logistics,Eastern Flow Station,Pump House,Slip/Trip/Fall,High,Day,Hot and dry with light haze,cable ramp,Eastern Plant Maintenance Ltd,2025-02-13T11:30:00+00:00,2025-02-13T12:15:00+00:00,pending_verification
a49b351e-509f-4b85-8e7a-7f87d5713d1d,INC-2026-000177,Aisha Abdullahi,aisha.abdullahi@example.com,Logistics,Eket Drilling Site,Well Pad,Near Miss,Low,Day,Heavy shower earlier; wet deck,pipe handling tool,,2025-06-26T07:43:00+00:00,2025-06-26T08:09:00+00:00,under_review
e9ee099a-3e6a-4d0d-9bbd-feb15ace8130,INC-2026-000178,Oluwaseun Adebayo,oluwaseun.adebayo@example.com,Logistics,Offshore Platform Alpha,Production Deck,Environmental Release,Low,Afternoon,"Intermittent rain, humid conditions",waste transfer hose,,2026-08-01T15:04:00+00:00,2026-08-01T15:23:00+00:00,corrective_action
b9baacad-5b94-48ea-ba81-fd1f3b22ec2a,INC-2026-000179,Folake Oladipo,folake.oladipo@example.com,HSE,Eastern Flow Station,Emergency Assembly Point,Near Miss,Medium,Day,Heavy shower earlier; wet deck,pressure gauge,,2025-08-13T13:11:00+00:00,2025-08-13T14:05:00+00:00,corrective_action
b1b9f619-bc5b-4a40-b86e-b4a605ce9790,INC-2026-000180,Chukwuemeka Eze,chukwuemeka.eze@example.com,Drilling,Offshore Platform Alpha,Production Deck,Oil/Chemical Spillage,High,Night,Overcast with light rain,pump seal assembly,,2024-10-06T20:06:00+00:00,2024-10-06T20:26:00+00:00,pending_verification
eef4373b-692e-4982-992c-c7ff796d5cbc,INC-2026-000181,Ifunanya Umeh,ifunanya.umeh@example.com,Maintenance,Akwa Ibom site,Operations Office,Near Miss,Medium,Afternoon,Humid with calm wind,lifting sling,,2024-01-24T18:33:00+00:00,2024-01-24T19:25:00+00:00,under_review
02938b87-6791-414f-9da0-1673b1a4fef5,INC-2026-000182,Obinna Okeke,obinna.okeke@example.com,Logistics,Old site,Power House,Electrical Hazard,Critical,Day,Humid with calm wind,motor isolator,Eastern Plant Maintenance Ltd,2024-03-25T09:30:00+00:00,2024-03-25T10:18:00+00:00,closed
0a6f98b9-6e73-4d91-976d-55d8dfb42614,INC-2026-000183,Iniobong Akpan,iniobong.akpan@example.com,Maintenance,New site,Rig Floor,Slip/Trip/Fall,High,Day,Heavy shower earlier; wet deck,grating panel,Coastal Integrity Nigeria Ltd,2025-07-11T14:45:00+00:00,2025-07-11T15:10:00+00:00,corrective_action
3a5454ef-74ee-4310-814e-daf20a99ef43,INC-2026-000184,Aisha Abdullahi,aisha.abdullahi@example.com,Maintenance,New site,Site Camp,Slip/Trip/Fall,Critical,Day,"Intermittent rain, humid conditions",temporary walkway,,2025-05-15T13:40:00+00:00,2025-05-15T13:56:00+00:00,corrective_action
b52c0ac0-5845-45a7-bdba-23324ba5bffc,INC-2026-000185,Adaeze Nwosu,adaeze.nwosu@example.com,HSE,Offshore Platform Alpha,Helideck,Near Miss,High,Afternoon,Hot and dry with light haze,pipe handling tool,Coastal Integrity Nigeria Ltd,2026-03-30T16:49:00+00:00,2026-03-30T17:17:00+00:00,closed
941d3d0e-d8ae-47b5-9a98-939465d7e31c,INC-2026-000186,Obinna Okeke,obinna.okeke@example.com,Maintenance,Eket Drilling Site,Mud Plant,Near Miss,Low,Afternoon,"Warm, humid, rain clearing",lifting sling,Apex Marine Support Ltd,2025-06-27T15:21:00+00:00,2025-06-27T15:42:00+00:00,pending_verification
4de5d153-bdda-44a2-aa33-386b295c5cdc,INC-2026-000187,Ifunanya Umeh,ifunanya.umeh@example.com,HSE,Onshore Gas Processing Plant,Tank Farm,Slip/Trip/Fall,High,Day,Humid with calm wind,temporary walkway,,2024-11-07T08:05:00+00:00,2024-11-07T08:42:00+00:00,under_review
aaa7f26b-c509-4971-a4dd-855ea2f89e53,INC-2026-000188,Ifunanya Umeh,ifunanya.umeh@example.com,HSE,Old site,Power House,Near Miss,Low,Day,"Intermittent rain, humid conditions",pressure gauge,,2024-07-03T09:52:00+00:00,2024-07-03T10:08:00+00:00,closed
305e4ae0-04f4-4df9-85c4-aec847f8211f,INC-2026-000189,Obinna Okeke,obinna.okeke@example.com,Maintenance,Offshore Platform Alpha,Drilling Deck,PPE Non-Compliance,Medium,Day,"Intermittent rain, humid conditions",eye protection,Niger Delta Well Services Ltd,2025-09-01T14:20:00+00:00,2025-09-01T15:14:00+00:00,closed
224ec6db-90d7-4c67-b6ac-0176c8f5481a,INC-2026-000190,Oluwaseun Adebayo,oluwaseun.adebayo@example.com,Quality,Marine Supply Base,Vehicle Yard,Fire,Low,Day,"Intermittent rain, humid conditions",portable generator,,2024-06-13T07:48:00+00:00,2024-06-13T08:40:00+00:00,submitted
ce69fa67-33bd-492c-ae24-ddd995472342,INC-2026-000191,Adaeze Nwosu,adaeze.nwosu@example.com,Quality,Offshore Platform Alpha,Production Deck,Oil/Chemical Spillage,Critical,Night,Humid with calm wind,chemical transfer hose,,2023-12-25T06:06:00+00:00,2023-12-25T06:58:00+00:00,under_review
a4def0c9-e322-4615-8c8f-33260e93b5b1,INC-2026-000192,Adaeze Nwosu,adaeze.nwosu@example.com,Quality,Onshore Gas Processing Plant,Gas Compression Unit,Fire,Medium,Night,Heavy shower earlier; wet deck,electrical distribution board,,2024-08-22T06:57:00+00:00,2024-08-22T07:24:00+00:00,investigation
0c6b3d12-eb43-4ab5-9fea-818839af8bd6,INC-2026-000193,Adeola Adeyemi,adeola.adeyemi@example.com,Drilling,Eastern Flow Station,Pump House,Environmental Release,Medium,Day,Heavy shower earlier; wet deck,chemical dosing skid,,2024-10-10T14:32:00+00:00,2024-10-10T15:16:00+00:00,closed
e61f31df-101a-4255-89cc-c0644a8f7e8e,INC-2026-000194,Babatunde Ogunleye,babatunde.ogunleye@example.com,Maintenance,Marine Supply Base,Marine Jetty,Vehicle Incident,Medium,Day,Heavy shower earlier; wet deck,service truck,,2025-07-18T11:41:00+00:00,2025-07-18T11:58:00+00:00,corrective_action
d5258ab3-23d6-4063-8d20-79f702493052,INC-2026-000195,Chukwuemeka Eze,chukwuemeka.eze@example.com,HSE,Onshore,Process Train,Fire,Critical,Day,Hot and dry with light haze,hot-work area,,2024-01-01T10:14:00+00:00,2024-01-01T10:42:00+00:00,corrective_action
7077413f-3d87-4920-9380-af87c1fc6977,INC-2026-000196,Aisha Abdullahi,aisha.abdullahi@example.com,Drilling,Onshore,Process Train,Fire,Critical,Night,"Dry, dusty conditions",hydraulic power pack,,2023-11-01T06:39:00+00:00,2023-11-01T07:03:00+00:00,submitted
09ed881b-942c-4abe-b9c8-dc427aab3dfd,INC-2026-000197,Folake Oladipo,folake.oladipo@example.com,Logistics,New site,Well Pad,PPE Non-Compliance,Low,Day,Heavy shower earlier; wet deck,fall-arrest harness,,2025-06-19T14:30:00+00:00,2025-06-19T14:46:00+00:00,pending_verification
9754b9e6-e17b-4edd-b675-53076dfb8a52,INC-2026-000198,Adeola Adeyemi,adeola.adeyemi@example.com,Logistics,Marine Supply Base,Marine Jetty,Vehicle Incident,Medium,Day,"Warm, humid, rain clearing",light vehicle,,2025-07-24T14:52:00+00:00,2025-07-24T15:24:00+00:00,under_review
3d7c5664-1880-4fb3-95b6-88b25be0b4c7,INC-2026-000199,Obinna Okeke,obinna.okeke@example.com,Operations,Qua Iboe Logistics Yard,Vehicle Yard,Slip/Trip/Fall,Low,Day,Overcast with light rain,temporary walkway,,2024-06-28T08:08:00+00:00,2024-06-28T08:41:00+00:00,corrective_action
3545594e-c697-4292-a19d-4a9e8183e2ab,INC-2026-000200,Musa Ibrahim,musa.ibrahim@example.com,Maintenance,Eket Drilling Site,Rig Floor,Slip/Trip/Fall,High,Day,"Dry, dusty conditions",grating panel,,2025-12-24T14:22:00+00:00,2025-12-24T15:06:00+00:00,submitted
00a21113-3d50-43a2-9541-6bd8579479b3,INC-2026-000201,Chukwuemeka Eze,chukwuemeka.eze@example.com,HSE,Qua Iboe Logistics Yard,Warehouse,Near Miss,Low,Day,"Warm, humid, rain clearing",mobile work platform,Eastern Plant Maintenance Ltd,2024-06-07T14:22:00+00:00,2024-06-07T14:55:00+00:00,submitted
28b23f84-e269-46cc-a882-7b5e42ca9739,INC-2026-000202,Oluwaseun Adebayo,oluwaseun.adebayo@example.com,Quality,Akwa Ibom site,Materials Yard,Near Miss,Low,Afternoon,"Dry, dusty conditions",pipe handling tool,Niger Delta Well Services Ltd,2026-01-27T18:54:00+00:00,2026-01-27T19:39:00+00:00,pending_verification
26a466c6-0fce-4a3e-9fa3-1f6c33481ab0,INC-2026-000203,Iniobong Akpan,iniobong.akpan@example.com,HSE,Onshore,Tank Farm,Oil/Chemical Spillage,Low,Day,Humid with calm wind,pump seal assembly,,2026-01-25T13:56:00+00:00,2026-01-25T14:49:00+00:00,submitted
91e1ae63-8121-49ea-9d80-ea84c3026742,INC-2026-000204,Iniobong Akpan,iniobong.akpan@example.com,HSE,Onshore,Process Train,Oil/Chemical Spillage,High,Day,Heavy shower earlier; wet deck,diesel day tank connection,,2024-06-04T09:18:00+00:00,2024-06-04T10:12:00+00:00,corrective_action
add1027e-1053-44d6-99d5-979c77f92f5f,INC-2026-000205,Oluwaseun Adebayo,oluwaseun.adebayo@example.com,Maintenance,New site,Well Pad,Equipment Failure,Medium,Day,Heavy shower earlier; wet deck,lifting winch,,2026-06-22T11:12:00+00:00,2026-06-22T11:45:00+00:00,investigation
f2e83513-387c-4aaa-9d5d-048a2ba586c3,INC-2026-000206,Babatunde Ogunleye,babatunde.ogunleye@example.com,Drilling,Old site,Power House,PPE Non-Compliance,Medium,Night,Heavy shower earlier; wet deck,respiratory protection set,,2026-06-17T20:39:00+00:00,2026-06-17T20:55:00+00:00,corrective_action
da03ab4c-28c9-4a95-8e77-2f052fb6a9bb,INC-2026-000207,Chinedu Okafor,chinedu.okafor@example.com,Quality,Marine Supply Base,Warehouse,Near Miss,Critical,Night,Humid with calm wind,mobile work platform,,2023-11-24T06:56:00+00:00,2023-11-24T07:28:00+00:00,submitted
c5eb44c8-5704-42f1-ba4c-80374a22f4aa,INC-2026-000208,Babatunde Ogunleye,babatunde.ogunleye@example.com,HSE,Onshore,Process Train,Vehicle Incident,Low,Day,"Intermittent rain, humid conditions",forklift,Coastal Integrity Nigeria Ltd,2024-07-13T10:29:00+00:00,2024-07-13T10:53:00+00:00,closed
7ec95b72-af94-4382-8f22-4e54e8598a35,INC-2026-000209,Chukwuemeka Eze,chukwuemeka.eze@example.com,Logistics,Eket Drilling Site,Mud Plant,Equipment Failure,Medium,Afternoon,"Warm, humid, rain clearing",process valve actuator,Apex Marine Support Ltd,2026-07-07T15:08:00+00:00,2026-07-07T15:56:00+00:00,investigation
c29eaa7e-56b5-4737-a0ed-f7736c3025ac,INC-2026-000210,Adaeze Nwosu,adaeze.nwosu@example.com,Operations,Qua Iboe Logistics Yard,Warehouse,Near Miss,Medium,Night,"Intermittent rain, humid conditions",mobile work platform,,2025-06-05T20:10:00+00:00,2025-06-05T20:53:00+00:00,under_review
cf7cdad8-e0a0-470e-9baf-4708c82c5760,INC-2026-000211,Babatunde Ogunleye,babatunde.ogunleye@example.com,HSE,Onshore,Process Train,Oil/Chemical Spillage,Medium,Afternoon,"Dry, dusty conditions",chemical transfer hose,,2026-04-11T18:39:00+00:00,2026-04-11T18:54:00+00:00,investigation
80b262e0-33bf-426f-8256-cbbf7c6a38c2,INC-2026-000212,Sani Bello,sani.bello@example.com,HSE,Offshore Platform Alpha,Production Deck,Dropped Object,Critical,Day,"Intermittent rain, humid conditions",small-bore fitting,Coastal Integrity Nigeria Ltd,2024-10-25T11:59:00+00:00,2024-10-25T12:16:00+00:00,pending_verification
15af1810-be44-4cdc-bcac-1ded5ef4e522,INC-2026-000213,Obinna Okeke,obinna.okeke@example.com,Operations,Qua Iboe Logistics Yard,Vehicle Yard,Vehicle Incident,Low,Night,Heavy shower earlier; wet deck,service truck,Eastern Plant Maintenance Ltd,2024-10-06T06:41:00+00:00,2024-10-06T07:16:00+00:00,under_review
8acab695-12d1-4f2f-a1b3-d3c442b9c28b,INC-2026-000214,Obinna Okeke,obinna.okeke@example.com,Quality,New site,Well Pad,Near Miss,Low,Day,Overcast with light rain,pipe handling tool,,2025-08-05T09:50:00+00:00,2025-08-05T10:39:00+00:00,submitted
3dcde133-7e6c-4b6c-bc97-6031cda315a7,INC-2026-000215,Oluwaseun Adebayo,oluwaseun.adebayo@example.com,Operations,Eastern Flow Station,Separator Area,Oil/Chemical Spillage,High,Day,"Warm, humid, rain clearing",chemical transfer hose,,2023-09-30T09:32:00+00:00,2023-09-30T10:13:00+00:00,corrective_action
f1764829-05ff-4382-9474-9355bf32e2d3,INC-2026-000216,Chukwuemeka Eze,chukwuemeka.eze@example.com,Quality,Marine Supply Base,Marine Jetty,Vehicle Incident,Low,Day,Overcast with light rain,telehandler,,2026-07-06T08:07:00+00:00,2026-07-06T08:35:00+00:00,corrective_action
fbfc2c66-b8a9-48b9-9d9c-bab5b16309c2,INC-2026-000217,Adaeze Nwosu,adaeze.nwosu@example.com,Maintenance,Akwa Ibom site,Operations Office,Near Miss,High,Night,Hot and dry with light haze,pressure gauge,,2025-12-21T20:22:00+00:00,2025-12-21T21:08:00+00:00,investigation
ed77eb83-1dd5-40b6-9520-411db51d4d4d,INC-2026-000218,Adaeze Nwosu,adaeze.nwosu@example.com,Drilling,Old site,Legacy Process Unit,Near Miss,Medium,Day,Overcast with light rain,lifting sling,,2023-10-03T11:49:00+00:00,2023-10-03T12:07:00+00:00,pending_verification
638054f8-2f54-476b-9798-19735fc99dbc,INC-2026-000219,Zainab Yusuf,zainab.yusuf@example.com,Operations,Eastern Flow Station,Separator Area,Environmental Release,Low,Day,Hot and dry with light haze,drain isolation valve,Coastal Integrity Nigeria Ltd,2024-02-29T11:10:00+00:00,2024-02-29T11:53:00+00:00,closed
90ae58bf-9eea-4f6c-8fcc-eca8c05c5e51,INC-2026-000220,Ifunanya Umeh,ifunanya.umeh@example.com,HSE,Marine Supply Base,Warehouse,Slip/Trip/Fall,Critical,Day,"Warm, humid, rain clearing",temporary walkway,,2024-05-17T07:56:00+00:00,2024-05-17T08:14:00+00:00,submitted
f391582d-296a-4bd2-b4b6-4bf9e00279fc,INC-2026-000221,Temitope Balogun,temitope.balogun@example.com,Maintenance,Eastern Flow Station,Separator Area,Environmental Release,Medium,Afternoon,"Dry, dusty conditions",produced-water line,,2025-04-11T18:42:00+00:00,2025-04-11T19:41:00+00:00,submitted
01fd363c-b790-42d5-be8b-d9552e5daccb,INC-2026-000222,Adaeze Nwosu,adaeze.nwosu@example.com,Logistics,Marine Supply Base,Vehicle Yard,Near Miss,High,Day,"Cloudy and dry, visibility good",pressure gauge,,2026-04-04T09:46:00+00:00,2026-04-04T10:41:00+00:00,submitted
2b0af359-9206-4d7f-ab01-607655a35e7a,INC-2026-000223,Bashir Shehu,bashir.shehu@example.com,HSE,Qua Iboe Logistics Yard,Warehouse,Slip/Trip/Fall,Low,Day,"Intermittent rain, humid conditions",cable ramp,,2024-06-02T09:00:00+00:00,2024-06-02T09:49:00+00:00,investigation
b1e6de58-794d-4fba-9c54-9b4db867fb14,INC-2026-000224,Ifunanya Umeh,ifunanya.umeh@example.com,Logistics,Qua Iboe Logistics Yard,Marine Jetty,Equipment Failure,Critical,Day,Overcast with light rain,centrifugal pump,Coastal Integrity Nigeria Ltd,2024-06-28T11:25:00+00:00,2024-06-28T11:56:00+00:00,closed
d894dcc0-5af3-41a9-a10e-47657f0fab50,INC-2026-000225,Chinedu Okafor,chinedu.okafor@example.com,Drilling,Old site,Power House,Fire,Low,Day,Overcast with light rain,hot-work area,,2025-05-04T14:56:00+00:00,2025-05-04T15:49:00+00:00,submitted
2f6dfc38-f026-4e30-a4da-58307c271404,INC-2026-000226,Adeola Adeyemi,adeola.adeyemi@example.com,Operations,Onshore,Process Train,Near Miss,Medium,Night,Overcast with light rain,pipe handling tool,Apex Marine Support Ltd,2024-05-14T06:37:00+00:00,2024-05-14T07:14:00+00:00,corrective_action
2ce95688-422a-425a-9187-98046bcc9cb0,INC-2026-000227,Chukwuemeka Eze,chukwuemeka.eze@example.com,Quality,Offshore Platform Alpha,Drilling Deck,Near Miss,Low,Day,"Cloudy and dry, visibility good",mobile work platform,,2026-04-30T14:17:00+00:00,2026-04-30T14:55:00+00:00,submitted
5b570bcb-074e-4cd5-8d08-69677ac0e9ed,INC-2026-000228,Folake Oladipo,folake.oladipo@example.com,Logistics,Offshore Platform Alpha,Production Deck,Oil/Chemical Spillage,Medium,Afternoon,"Intermittent rain, humid conditions",pump seal assembly,Niger Delta Well Services Ltd,2026-08-17T16:22:00+00:00,2026-08-17T17:17:00+00:00,corrective_action
c5f114f8-7f3d-4001-a89d-70224ffd62e0,INC-2026-000229,Babatunde Ogunleye,babatunde.ogunleye@example.com,HSE,Offshore Platform Alpha,Drilling Deck,Slip/Trip/Fall,Medium,Day,"Dry, dusty conditions",access stair tread,Eastern Plant Maintenance Ltd,2026-01-05T13:23:00+00:00,2026-01-05T13:43:00+00:00,submitted
c971cb12-901c-4637-ab87-1c18d14ad1d0,INC-2026-000230,Chinedu Okafor,chinedu.okafor@example.com,Maintenance,New site,Site Camp,Slip/Trip/Fall,Low,Day,"Intermittent rain, humid conditions",temporary walkway,,2026-07-30T09:18:00+00:00,2026-07-30T10:01:00+00:00,corrective_action
f8b8d316-b6d0-4a24-a58b-c72ab2c4f797,INC-2026-000231,Adeola Adeyemi,adeola.adeyemi@example.com,Operations,Onshore Gas Processing Plant,Gas Compression Unit,Fire,Critical,Afternoon,Overcast with light rain,hydraulic power pack,,2025-06-26T16:22:00+00:00,2025-06-26T17:00:00+00:00,investigation
95116c5a-d9ac-4f85-a412-b69560a0c31e,INC-2026-000232,Obinna Okeke,obinna.okeke@example.com,Maintenance,Eket Drilling Site,Well Pad,Slip/Trip/Fall,Low,Day,"Intermittent rain, humid conditions",access stair tread,,2025-06-14T09:09:00+00:00,2025-06-14T09:43:00+00:00,submitted
d813a4b4-3ffa-4f63-b631-fdb7f875ad29,INC-2026-000233,Temitope Balogun,temitope.balogun@example.com,HSE,Qua Iboe Logistics Yard,Warehouse,Near Miss,Low,Afternoon,Hot and dry with light haze,pipe handling tool,,2023-11-21T18:45:00+00:00,2023-11-21T19:21:00+00:00,closed
5cebd109-4f58-45f0-9e10-7fcb9d36d9b4,INC-2026-000234,Sani Bello,sani.bello@example.com,HSE,Onshore,Control Room,Vehicle Incident,Low,Day,"Warm, humid, rain clearing",service truck,,2026-06-29T08:33:00+00:00,2026-06-29T09:16:00+00:00,submitted
804191b6-3059-4c65-905b-5166abd9197f,INC-2026-000235,Adaeze Nwosu,adaeze.nwosu@example.com,Quality,Offshore Platform Alpha,Production Deck,Environmental Release,Critical,Day,Overcast with light rain,drain isolation valve,,2025-06-07T11:28:00+00:00,2025-06-07T12:10:00+00:00,submitted
873952c1-ba06-4abf-b894-ef8412f6d86a,INC-2026-000236,Bashir Shehu,bashir.shehu@example.com,Drilling,Qua Iboe Logistics Yard,Vehicle Yard,Near Miss,Medium,Night,Overcast with light rain,pressure gauge,Eastern Plant Maintenance Ltd,2025-07-03T20:04:00+00:00,2025-07-03T20:55:00+00:00,investigation
20c49039-70fb-432b-b341-bfe39af83fd8,INC-2026-000237,Chinedu Okafor,chinedu.okafor@example.com,HSE,Qua Iboe Logistics Yard,Warehouse,Electrical Hazard,Critical,Day,Heavy shower earlier; wet deck,temporary power cable,,2024-10-02T10:09:00+00:00,2024-10-02T10:33:00+00:00,pending_verification
2e4feb63-7a80-4e0b-9eae-58cb0a51e4fe,INC-2026-000238,Eno Etim,eno.etim@example.com,Logistics,Onshore,Process Train,Electrical Hazard,Low,Day,Heavy shower earlier; wet deck,temporary power cable,,2023-09-29T14:53:00+00:00,2023-09-29T15:30:00+00:00,submitted
253caf77-1d37-4d01-9359-33232fd31d19,INC-2026-000239,Oluwaseun Adebayo,oluwaseun.adebayo@example.com,Logistics,Offshore Platform Alpha,Helideck,Near Miss,High,Day,Humid with calm wind,pipe handling tool,,2025-01-26T13:29:00+00:00,2025-01-26T14:22:00+00:00,closed
9dfe5958-1995-460c-9e15-8ab0bbeab25d,INC-2026-000240,Babatunde Ogunleye,babatunde.ogunleye@example.com,Maintenance,Onshore,Process Train,Vehicle Incident,Low,Afternoon,"Dry, dusty conditions",telehandler,,2026-01-12T18:31:00+00:00,2026-01-12T19:08:00+00:00,pending_verification
7451a66a-f16e-47eb-ad99-0a23b0aae1ec,INC-2026-000241,Babatunde Ogunleye,babatunde.ogunleye@example.com,Drilling,Qua Iboe Logistics Yard,Warehouse,Slip/Trip/Fall,Low,Day,Overcast with light rain,temporary walkway,Eastern Plant Maintenance Ltd,2025-06-01T14:15:00+00:00,2025-06-01T14:46:00+00:00,under_review
93befa48-1a92-4988-9823-84a4c7896963,INC-2026-000242,Chinedu Okafor,chinedu.okafor@example.com,Maintenance,Offshore Platform Alpha,Production Deck,PPE Non-Compliance,Medium,Day,Humid with calm wind,respiratory protection set,,2024-02-06T14:56:00+00:00,2024-02-06T15:44:00+00:00,submitted
64789c0f-ffe3-450e-bd41-ea4bb832de9f,INC-2026-000243,Musa Ibrahim,musa.ibrahim@example.com,HSE,Akwa Ibom site,Materials Yard,Slip/Trip/Fall,Low,Day,"Warm, humid, rain clearing",grating panel,,2025-06-09T07:31:00+00:00,2025-06-09T08:09:00+00:00,closed
ed6e8c15-986d-4ae2-9674-1d8bd9f8ebce,INC-2026-000244,Folake Oladipo,folake.oladipo@example.com,Quality,Offshore Platform Alpha,Helideck,Electrical Hazard,Medium,Night,Humid with calm wind,motor isolator,Coastal Integrity Nigeria Ltd,2025-02-03T06:52:00+00:00,2025-02-03T07:15:00+00:00,submitted
728ca4bf-e746-41fd-9f5b-da863098ae0a,INC-2026-000245,Chukwuemeka Eze,chukwuemeka.eze@example.com,Quality,Akwa Ibom site,Maintenance Workshop,Fire,Critical,Day,"Intermittent rain, humid conditions",portable generator,Coastal Integrity Nigeria Ltd,2024-05-09T09:21:00+00:00,2024-05-09T10:09:00+00:00,submitted
8d07a48a-f6dd-45ff-a30a-42487e0c99e4,INC-2026-000246,Chukwuemeka Eze,chukwuemeka.eze@example.com,Quality,Marine Supply Base,Marine Jetty,Equipment Failure,Low,Day,"Cloudy and dry, visibility good",centrifugal pump,,2025-12-30T07:06:00+00:00,2025-12-30T07:41:00+00:00,pending_verification
7b78611d-0a81-46e1-a400-01ab5329ff31,INC-2026-000247,Chukwuemeka Eze,chukwuemeka.eze@example.com,Maintenance,Eket Drilling Site,Rig Floor,Dropped Object,Low,Day,Hot and dry with light haze,small-bore fitting,,2025-04-27T13:53:00+00:00,2025-04-27T14:13:00+00:00,corrective_action
c4535004-56f0-462c-b3bf-69e211119d0c,INC-2026-000248,Adaeze Nwosu,adaeze.nwosu@example.com,Logistics,Eastern Flow Station,Pump House,Slip/Trip/Fall,Low,Day,Heavy shower earlier; wet deck,temporary walkway,,2024-09-29T11:02:00+00:00,2024-09-29T12:00:00+00:00,investigation
88e45f12-5705-4673-b840-6423be76823e,INC-2026-000249,Sani Bello,sani.bello@example.com,Operations,Akwa Ibom site,Operations Office,PPE Non-Compliance,Medium,Day,"Cloudy and dry, visibility good",respiratory protection set,Eastern Plant Maintenance Ltd,2025-04-08T14:58:00+00:00,2025-04-08T15:20:00+00:00,submitted
4f707daa-5605-4346-a3d9-a4b2ea6e9b59,INC-2026-000250,Adaeze Nwosu,adaeze.nwosu@example.com,HSE,Akwa Ibom site,Operations Office,Near Miss,Low,Day,Overcast with light rain,pressure gauge,Eastern Plant Maintenance Ltd,2025-08-10T08:41:00+00:00,2025-08-10T09:15:00+00:00,submitted
5bc53759-2f5f-4368-8152-2dafb4943681,INC-2026-000251,Temitope Balogun,temitope.balogun@example.com,HSE,Onshore Gas Processing Plant,Tank Farm,Environmental Release,Medium,Night,Hot and dry with light haze,drain isolation valve,,2025-04-14T06:52:00+00:00,2025-04-14T07:41:00+00:00,investigation
23920011-37e8-4da9-bf8d-70fb2eea8f4a,INC-2026-000252,Ifunanya Umeh,ifunanya.umeh@example.com,Logistics,Eastern Flow Station,Pump House,Environmental Release,Critical,Afternoon,"Warm, humid, rain clearing",waste transfer hose,Apex Marine Support Ltd,2026-08-06T16:58:00+00:00,2026-08-06T17:25:00+00:00,closed
87ec275b-7e17-4f2f-8730-ac5bad6babdd,INC-2026-000253,Ifunanya Umeh,ifunanya.umeh@example.com,Logistics,Marine Supply Base,Warehouse,Slip/Trip/Fall,Low,Day,Overcast with light rain,access stair tread,,2025-08-01T10:40:00+00:00,2025-08-01T11:09:00+00:00,submitted
66d74210-7aca-4b59-b065-18f6aa1feb8a,INC-2026-000254,Babatunde Ogunleye,babatunde.ogunleye@example.com,Maintenance,Onshore,Tank Farm,Slip/Trip/Fall,High,Afternoon,Heavy shower earlier; wet deck,access stair tread,,2026-06-15T18:01:00+00:00,2026-06-15T18:58:00+00:00,submitted
f58454e7-c247-47c0-87ee-ec186b73209c,INC-2026-000255,Aisha Abdullahi,aisha.abdullahi@example.com,Drilling,Onshore Gas Processing Plant,Tank Farm,Environmental Release,Medium,Day,"Cloudy and dry, visibility good",waste transfer hose,,2024-01-28T11:57:00+00:00,2024-01-28T12:46:00+00:00,submitted
9d11a7d4-9e56-41cf-ae59-3838bd43e750,INC-2026-000256,Adaeze Nwosu,adaeze.nwosu@example.com,HSE,Eastern Flow Station,Pump House,Equipment Failure,Low,Afternoon,Heavy shower earlier; wet deck,process valve actuator,Niger Delta Well Services Ltd,2026-06-07T16:50:00+00:00,2026-06-07T17:40:00+00:00,pending_verification
8471df4f-caaa-4a3d-87cd-42b348f2d2ce,INC-2026-000257,Oluwaseun Adebayo,oluwaseun.adebayo@example.com,Logistics,Eket Drilling Site,Mud Plant,Fire,Low,Day,"Intermittent rain, humid conditions",hydraulic power pack,,2024-09-12T08:12:00+00:00,2024-09-12T09:07:00+00:00,submitted
3a96e2df-b8d9-4d09-a4c0-321afedf2408,INC-2026-000258,Obinna Okeke,obinna.okeke@example.com,Quality,Onshore,Process Train,Environmental Release,High,Day,"Intermittent rain, humid conditions",drain isolation valve,,2025-09-17T09:18:00+00:00,2025-09-17T09:40:00+00:00,investigation
6b43f920-d8e1-4a1a-a2c3-41263c10b4ec,INC-2026-000259,Obinna Okeke,obinna.okeke@example.com,Drilling,Onshore,Tank Farm,Slip/Trip/Fall,Low,Night,Heavy shower earlier; wet deck,access stair tread,,2024-05-28T06:16:00+00:00,2024-05-28T07:12:00+00:00,corrective_action
957f45c0-df99-43b5-a71b-c14fd69750dd,INC-2026-000260,Sani Bello,sani.bello@example.com,Drilling,Eastern Flow Station,Pump House,Environmental Release,Medium,Day,Hot and dry with light haze,produced-water line,,2026-04-20T08:21:00+00:00,2026-04-20T08:42:00+00:00,under_review
09d08ba5-84a3-4601-81a1-b5d578e0fc36,INC-2026-000261,Babatunde Ogunleye,babatunde.ogunleye@example.com,Logistics,Eket Drilling Site,Well Pad,Near Miss,Medium,Afternoon,Heavy shower earlier; wet deck,pipe handling tool,,2026-08-08T15:40:00+00:00,2026-08-08T16:05:00+00:00,investigation
0fd22cfd-2ea9-40a6-80f5-21abf7ee8753,INC-2026-000262,Obinna Okeke,obinna.okeke@example.com,Drilling,Eket Drilling Site,Mud Plant,Fire,Low,Day,Humid with calm wind,portable generator,Niger Delta Well Services Ltd,2024-01-09T08:46:00+00:00,2024-01-09T09:34:00+00:00,corrective_action
9e4a1532-82fc-4a81-aeae-a0ca42aa0355,INC-2026-000263,Chukwuemeka Eze,chukwuemeka.eze@example.com,Operations,Old site,Legacy Process Unit,PPE Non-Compliance,Low,Day,"Intermittent rain, humid conditions",fall-arrest harness,,2025-07-08T07:01:00+00:00,2025-07-08T07:43:00+00:00,submitted
5eccf4da-5332-4b56-aff6-a1939cbcd97e,INC-2026-000264,Adaeze Nwosu,adaeze.nwosu@example.com,Maintenance,Onshore,Process Train,Near Miss,Low,Day,"Warm, humid, rain clearing",lifting sling,,2024-06-23T10:16:00+00:00,2024-06-23T10:34:00+00:00,investigation
08a98227-79ef-443f-b1a4-2180fc0fcabb,INC-2026-000265,Ifunanya Umeh,ifunanya.umeh@example.com,Drilling,Eket Drilling Site,Mud Plant,Fire,Critical,Afternoon,"Intermittent rain, humid conditions",electrical distribution board,,2026-06-16T16:37:00+00:00,2026-06-16T17:28:00+00:00,submitted
aa5be452-28ef-4aba-878c-ec94d60d809c,INC-2026-000266,Aisha Abdullahi,aisha.abdullahi@example.com,Operations,Onshore,Tank Farm,Oil/Chemical Spillage,High,Afternoon,"Intermittent rain, humid conditions",lubricant tote valve,Apex Marine Support Ltd,2024-06-16T16:50:00+00:00,2024-06-16T17:05:00+00:00,submitted
f1230d89-752e-43c6-8fc4-24d2f634ebd9,INC-2026-000267,Chinedu Okafor,chinedu.okafor@example.com,Quality,Old site,Assembly Point,PPE Non-Compliance,High,Day,"Warm, humid, rain clearing",chemical gloves,,2025-05-23T08:00:00+00:00,2025-05-23T08:38:00+00:00,pending_verification
43a3bca0-0677-4c6a-a313-57ca3d234c7c,INC-2026-000268,Obinna Okeke,obinna.okeke@example.com,Operations,Eastern Flow Station,Pump House,Oil/Chemical Spillage,High,Night,"Intermittent rain, humid conditions",pump seal assembly,Niger Delta Well Services Ltd,2023-09-30T20:07:00+00:00,2023-09-30T20:49:00+00:00,under_review
99647f6a-e221-405a-abac-1485e1e84918,INC-2026-000269,Ifunanya Umeh,ifunanya.umeh@example.com,Logistics,Qua Iboe Logistics Yard,Marine Jetty,Near Miss,Medium,Afternoon,Heavy shower earlier; wet deck,pressure gauge,Coastal Integrity Nigeria Ltd,2025-05-26T15:14:00+00:00,2025-05-26T15:58:00+00:00,closed
37b22864-2843-4bbe-8f0d-1d80c95b6066,INC-2026-000270,Sani Bello,sani.bello@example.com,Logistics,Offshore Platform Alpha,Helideck,Electrical Hazard,Medium,Afternoon,"Warm, humid, rain clearing",temporary power cable,,2025-05-03T18:50:00+00:00,2025-05-03T19:08:00+00:00,submitted
433b5729-7f45-424a-944a-9fe5f883e5e1,INC-2026-000271,Adaeze Nwosu,adaeze.nwosu@example.com,Quality,Offshore Platform Alpha,Production Deck,Electrical Hazard,Medium,Day,"Intermittent rain, humid conditions",temporary power cable,,2024-07-19T11:23:00+00:00,2024-07-19T12:01:00+00:00,closed
b1936ba3-5f67-4d9a-af26-d3c775d93ebd,INC-2026-000272,Babatunde Ogunleye,babatunde.ogunleye@example.com,Logistics,Qua Iboe Logistics Yard,Vehicle Yard,Electrical Hazard,Medium,Afternoon,"Warm, humid, rain clearing",temporary power cable,Niger Delta Well Services Ltd,2025-06-22T18:08:00+00:00,2025-06-22T18:29:00+00:00,pending_verification
be18ac47-c974-4b98-9b46-ab4671149e75,INC-2026-000273,Zainab Yusuf,zainab.yusuf@example.com,Logistics,Qua Iboe Logistics Yard,Warehouse,Near Miss,Low,Day,Overcast with light rain,pipe handling tool,,2024-07-05T11:02:00+00:00,2024-07-05T11:40:00+00:00,submitted
0a3d7394-50e4-4e24-b866-9299c26eb26d,INC-2026-000274,Chukwuemeka Eze,chukwuemeka.eze@example.com,Operations,New site,Site Camp,Electrical Hazard,Critical,Day,Humid with calm wind,junction box,,2023-12-08T07:26:00+00:00,2023-12-08T07:44:00+00:00,submitted
30fc7c43-d308-4cf4-9847-6b7b28023923,INC-2026-000275,Babatunde Ogunleye,babatunde.ogunleye@example.com,Quality,Eastern Flow Station,Pump House,Fire,Medium,Afternoon,Hot and dry with light haze,electrical distribution board,,2024-04-13T18:00:00+00:00,2024-04-13T18:25:00+00:00,corrective_action
3739c38d-831b-46c3-bc23-0858dbe77b79,INC-2026-000276,Adaeze Nwosu,adaeze.nwosu@example.com,Drilling,Old site,Power House,Equipment Failure,Medium,Night,Heavy shower earlier; wet deck,lifting winch,,2024-09-24T20:13:00+00:00,2024-09-24T21:11:00+00:00,submitted
f65f7997-0b6c-46a9-8efc-2718ea66e419,INC-2026-000277,Folake Oladipo,folake.oladipo@example.com,Maintenance,Marine Supply Base,Marine Jetty,Near Miss,High,Afternoon,"Intermittent rain, humid conditions",pipe handling tool,Apex Marine Support Ltd,2026-07-11T15:32:00+00:00,2026-07-11T16:15:00+00:00,under_review
34294c2f-81c0-4d3a-90f9-663a7ea7ecab,INC-2026-000278,Babatunde Ogunleye,babatunde.ogunleye@example.com,HSE,Old site,Legacy Process Unit,Slip/Trip/Fall,Medium,Day,"Warm, humid, rain clearing",temporary walkway,Coastal Integrity Nigeria Ltd,2023-10-17T11:30:00+00:00,2023-10-17T11:53:00+00:00,investigation
f2af7645-f992-4544-bb9a-35cf6def6b0f,INC-2026-000279,Babatunde Ogunleye,babatunde.ogunleye@example.com,Maintenance,Onshore Gas Processing Plant,Gas Compression Unit,Fire,Low,Afternoon,"Warm, humid, rain clearing",hot-work area,Eastern Plant Maintenance Ltd,2025-05-17T15:22:00+00:00,2025-05-17T16:05:00+00:00,closed
9d17f257-392d-4527-a693-9e0b2c4759ee,INC-2026-000280,Zainab Yusuf,zainab.yusuf@example.com,Drilling,Eket Drilling Site,Mud Plant,Fire,Medium,Afternoon,Heavy shower earlier; wet deck,electrical distribution board,Niger Delta Well Services Ltd,2025-05-05T16:32:00+00:00,2025-05-05T16:54:00+00:00,closed
1d2fbda5-977e-49f6-9e7c-a88e75772a26,INC-2026-000281,Obinna Okeke,obinna.okeke@example.com,HSE,New site,Site Camp,Near Miss,Low,Day,Overcast with light rain,mobile work platform,,2024-06-08T09:28:00+00:00,2024-06-08T09:56:00+00:00,pending_verification
ae795ead-04b5-4c53-adde-8891f8fdb4d4,INC-2026-000282,Aisha Abdullahi,aisha.abdullahi@example.com,HSE,Eastern Flow Station,Separator Area,Environmental Release,Low,Day,Overcast with light rain,produced-water line,,2025-07-22T10:14:00+00:00,2025-07-22T10:33:00+00:00,investigation
a6f6894f-26ad-4f9b-82bb-761d3fb0e7b0,INC-2026-000283,Obinna Okeke,obinna.okeke@example.com,Operations,Akwa Ibom site,Maintenance Workshop,Near Miss,Medium,Day,"Dry, dusty conditions",mobile work platform,Coastal Integrity Nigeria Ltd,2026-03-19T09:54:00+00:00,2026-03-19T10:45:00+00:00,corrective_action
b3d30242-fbe1-45a1-b59d-f5e99b0e60cc,INC-2026-000284,Oluwaseun Adebayo,oluwaseun.adebayo@example.com,Maintenance,Eastern Flow Station,Emergency Assembly Point,Slip/Trip/Fall,Medium,Day,"Intermittent rain, humid conditions",temporary walkway,,2026-08-13T09:27:00+00:00,2026-08-13T10:12:00+00:00,investigation
2c435e4c-74d2-4f4c-84aa-2f18cf7f96de,INC-2026-000285,Folake Oladipo,folake.oladipo@example.com,Operations,Onshore,Process Train,Near Miss,Low,Day,"Cloudy and dry, visibility good",pipe handling tool,,2025-12-29T07:27:00+00:00,2025-12-29T08:08:00+00:00,under_review
93560697-532d-4bb6-bc4b-fd9ad53587c3,INC-2026-000286,Aisha Abdullahi,aisha.abdullahi@example.com,Logistics,Offshore Platform Alpha,Drilling Deck,Near Miss,Low,Day,Heavy shower earlier; wet deck,pressure gauge,,2023-10-15T09:39:00+00:00,2023-10-15T10:00:00+00:00,investigation
4b7af827-7219-49a4-b3a0-341ea7b18e11,INC-2026-000287,Adaeze Nwosu,adaeze.nwosu@example.com,Drilling,Marine Supply Base,Marine Jetty,Fire,Critical,Afternoon,"Warm, humid, rain clearing",hydraulic power pack,,2023-10-02T15:40:00+00:00,2023-10-02T15:58:00+00:00,closed
bd69fca5-63ea-403f-9ad4-3b1999f38828,INC-2026-000288,Temitope Balogun,temitope.balogun@example.com,Quality,Old site,Legacy Process Unit,Electrical Hazard,High,Day,Heavy shower earlier; wet deck,portable lighting circuit,,2025-08-29T13:22:00+00:00,2025-08-29T13:40:00+00:00,under_review
55917428-c0b8-4110-8892-e0e36d815da6,INC-2026-000289,Babatunde Ogunleye,babatunde.ogunleye@example.com,Logistics,Marine Supply Base,Warehouse,PPE Non-Compliance,High,Day,"Warm, humid, rain clearing",chemical gloves,,2024-06-01T09:26:00+00:00,2024-06-01T09:43:00+00:00,closed
40210297-f5b8-43d7-a10e-ad1050a3d6f8,INC-2026-000290,Eno Etim,eno.etim@example.com,Drilling,Akwa Ibom site,Materials Yard,Near Miss,Low,Day,Heavy shower earlier; wet deck,lifting sling,,2026-05-18T08:36:00+00:00,2026-05-18T08:56:00+00:00,corrective_action
c0ae4585-b0db-4b0e-9ee4-84f48f0c93a2,INC-2026-000291,Chinedu Okafor,chinedu.okafor@example.com,HSE,Onshore,Tank Farm,Oil/Chemical Spillage,Medium,Night,Hot and dry with light haze,diesel day tank connection,,2026-03-04T20:19:00+00:00,2026-03-04T21:12:00+00:00,corrective_action
2db00726-17e8-42e7-827d-865cc88e5321,INC-2026-000292,Ifunanya Umeh,ifunanya.umeh@example.com,Logistics,Offshore Platform Alpha,Drilling Deck,Dropped Object,Low,Day,Heavy shower earlier; wet deck,tag line hook,,2026-05-10T08:33:00+00:00,2026-05-10T09:07:00+00:00,pending_verification
78dafe7e-0bf9-42bc-9e66-da68fae9f65e,INC-2026-000293,Chinedu Okafor,chinedu.okafor@example.com,Logistics,Qua Iboe Logistics Yard,Warehouse,Vehicle Incident,Medium,Day,Heavy shower earlier; wet deck,telehandler,,2026-07-18T10:57:00+00:00,2026-07-18T11:51:00+00:00,submitted
eabe8e3f-8769-4382-ad35-218a47c044d3,INC-2026-000294,Ifunanya Umeh,ifunanya.umeh@example.com,Drilling,Onshore Gas Processing Plant,Process Train 1,Fire,Medium,Day,"Intermittent rain, humid conditions",portable generator,,2024-07-09T10:39:00+00:00,2024-07-09T11:02:00+00:00,under_review
3eb17236-0b0d-4d2f-bfe5-1bdb23a14938,INC-2026-000295,Ifunanya Umeh,ifunanya.umeh@example.com,Logistics,Onshore Gas Processing Plant,Gas Compression Unit,Slip/Trip/Fall,Low,Day,"Intermittent rain, humid conditions",cable ramp,,2024-09-21T13:35:00+00:00,2024-09-21T14:23:00+00:00,investigation
3cc5872b-112f-428b-8e27-6e67699a8748,INC-2026-000296,Obinna Okeke,obinna.okeke@example.com,Quality,Marine Supply Base,Marine Jetty,Electrical Hazard,Medium,Day,Heavy shower earlier; wet deck,temporary power cable,,2025-09-11T14:57:00+00:00,2025-09-11T15:15:00+00:00,investigation
37bb433b-1cb2-4ebe-b1b3-db51f4ec74a9,INC-2026-000297,Chinedu Okafor,chinedu.okafor@example.com,Operations,Akwa Ibom site,Maintenance Workshop,Fire,Low,Day,Heavy shower earlier; wet deck,hydraulic power pack,,2025-05-03T07:00:00+00:00,2025-05-03T07:54:00+00:00,pending_verification
be97eced-29d7-483a-b787-26a64f39f4d0,INC-2026-000298,Chinedu Okafor,chinedu.okafor@example.com,HSE,Eastern Flow Station,Pump House,Fire,Medium,Night,Hot and dry with light haze,portable generator,,2025-12-23T06:48:00+00:00,2025-12-23T07:03:00+00:00,pending_verification
77175188-da19-4650-819a-e91d6bd9b6b6,INC-2026-000299,Zainab Yusuf,zainab.yusuf@example.com,Maintenance,Marine Supply Base,Vehicle Yard,Near Miss,High,Day,"Cloudy and dry, visibility good",pipe handling tool,,2024-12-30T14:28:00+00:00,2024-12-30T15:16:00+00:00,submitted
67c0c3da-d68e-4512-90ae-a7b0ba34ffc9,INC-2026-000300,Zainab Yusuf,zainab.yusuf@example.com,Logistics,Onshore Gas Processing Plant,Tank Farm,Vehicle Incident,Low,Day,Humid with calm wind,service truck,,2026-04-01T07:43:00+00:00,2026-04-01T08:17:00+00:00,closed
abad0ebe-d8ec-49a0-852b-0be43a9392f1,INC-2026-000301,Babatunde Ogunleye,babatunde.ogunleye@example.com,HSE,Eket Drilling Site,Rig Floor,Slip/Trip/Fall,Medium,Night,Humid with calm wind,cable ramp,,2025-04-17T06:39:00+00:00,2025-04-17T07:32:00+00:00,corrective_action
35078a24-423f-4f3f-9006-c975f7160f51,INC-2026-000302,Obinna Okeke,obinna.okeke@example.com,Quality,Akwa Ibom site,Maintenance Workshop,Fire,Low,Day,"Intermittent rain, humid conditions",hydraulic power pack,,2025-06-05T08:26:00+00:00,2025-06-05T08:59:00+00:00,corrective_action
0b4e6b56-358a-49ea-9105-69f99d65aea5,INC-2026-000303,Temitope Balogun,temitope.balogun@example.com,Operations,Qua Iboe Logistics Yard,Warehouse,Slip/Trip/Fall,Low,Day,"Intermittent rain, humid conditions",access stair tread,,2025-05-13T07:07:00+00:00,2025-05-13T07:47:00+00:00,submitted
3be7af1c-451d-499b-bf8e-dc457213a33f,INC-2026-000304,Folake Oladipo,folake.oladipo@example.com,Quality,Eket Drilling Site,Rig Floor,Near Miss,Critical,Day,Heavy shower earlier; wet deck,mobile work platform,Niger Delta Well Services Ltd,2025-07-03T14:14:00+00:00,2025-07-03T14:40:00+00:00,under_review
566cf815-f3ab-4e87-96ff-bbce5a3e67fa,INC-2026-000305,Temitope Balogun,temitope.balogun@example.com,Drilling,Offshore Platform Alpha,Helideck,Dropped Object,Medium,Afternoon,"Cloudy and dry, visibility good",portable sensor,,2026-04-16T18:41:00+00:00,2026-04-16T19:24:00+00:00,under_review
3a09da70-03da-41a0-ab90-02543b4ff288,INC-2026-000306,Obinna Okeke,obinna.okeke@example.com,Drilling,Marine Supply Base,Warehouse,Electrical Hazard,Low,Day,"Intermittent rain, humid conditions",junction box,,2025-08-27T10:44:00+00:00,2025-08-27T11:18:00+00:00,corrective_action
7b09644e-b698-4751-bb40-4f1792f84da2,INC-2026-000307,Bashir Shehu,bashir.shehu@example.com,HSE,Onshore,Tank Farm,Near Miss,Low,Night,Heavy shower earlier; wet deck,lifting sling,,2025-06-30T20:20:00+00:00,2025-06-30T21:05:00+00:00,corrective_action
361f5370-1172-47a1-a3ee-347c2add30b0,INC-2026-000308,Ifunanya Umeh,ifunanya.umeh@example.com,Logistics,Marine Supply Base,Vehicle Yard,Fire,Low,Day,"Intermittent rain, humid conditions",electrical distribution board,Coastal Integrity Nigeria Ltd,2024-05-19T14:34:00+00:00,2024-05-19T15:00:00+00:00,closed
847d7b2e-90a9-4e60-b0a6-a95a3ae8b7f5,INC-2026-000309,Babatunde Ogunleye,babatunde.ogunleye@example.com,HSE,Eket Drilling Site,Mud Plant,Equipment Failure,High,Day,Humid with calm wind,process valve actuator,,2025-04-15T13:22:00+00:00,2025-04-15T13:45:00+00:00,closed
3ee0dbb0-0dbb-4f2a-a6c7-b683b1d1e2c4,INC-2026-000310,Ifunanya Umeh,ifunanya.umeh@example.com,Maintenance,Offshore Platform Alpha,Drilling Deck,Fire,Medium,Afternoon,Humid with calm wind,electrical distribution board,Apex Marine Support Ltd,2025-01-11T15:03:00+00:00,2025-01-11T15:41:00+00:00,investigation
84660620-694f-456e-83b4-e5118e275bb6,INC-2026-000311,Chukwuemeka Eze,chukwuemeka.eze@example.com,Logistics,Akwa Ibom site,Materials Yard,PPE Non-Compliance,Medium,Day,"Warm, humid, rain clearing",respiratory protection set,,2024-07-16T08:16:00+00:00,2024-07-16T08:34:00+00:00,submitted
5cc9a921-c7cb-47e2-bffe-c64ea497d974,INC-2026-000312,Musa Ibrahim,musa.ibrahim@example.com,Maintenance,Onshore Gas Processing Plant,Process Train 1,Equipment Failure,Medium,Day,Overcast with light rain,lifting winch,,2024-07-11T10:44:00+00:00,2024-07-11T11:20:00+00:00,closed
a79656ac-91d0-4c6f-b654-8b9b34f4a740,INC-2026-000313,Iniobong Akpan,iniobong.akpan@example.com,Quality,Onshore Gas Processing Plant,Process Train 1,Oil/Chemical Spillage,Low,Day,Heavy shower earlier; wet deck,chemical transfer hose,,2025-08-29T07:44:00+00:00,2025-08-29T08:29:00+00:00,corrective_action
589fcc57-1711-48be-854e-8f35c5a5af52,INC-2026-000314,Chinedu Okafor,chinedu.okafor@example.com,Operations,Onshore Gas Processing Plant,Process Train 1,Slip/Trip/Fall,Medium,Day,"Intermittent rain, humid conditions",access stair tread,Apex Marine Support Ltd,2025-06-13T10:35:00+00:00,2025-06-13T11:32:00+00:00,submitted
145dd463-016d-4ed4-a3d1-de725e3dd2c0,INC-2026-000315,Obinna Okeke,obinna.okeke@example.com,Operations,Onshore Gas Processing Plant,Process Train 1,Equipment Failure,Low,Day,Heavy shower earlier; wet deck,air compressor,,2024-10-25T08:06:00+00:00,2024-10-25T08:23:00+00:00,under_review
b94fc232-61aa-45e9-8e2b-a180fdda07e6,INC-2026-000316,Aisha Abdullahi,aisha.abdullahi@example.com,HSE,Akwa Ibom site,Operations Office,Near Miss,Low,Night,Overcast with light rain,pressure gauge,,2025-08-04T06:06:00+00:00,2025-08-04T06:23:00+00:00,investigation
3569e745-eb58-4169-abfd-048d256c9b8f,INC-2026-000317,Adaeze Nwosu,adaeze.nwosu@example.com,Quality,Akwa Ibom site,Maintenance Workshop,Fire,Critical,Day,"Warm, humid, rain clearing",hot-work area,,2025-08-22T07:39:00+00:00,2025-08-22T08:08:00+00:00,corrective_action
92bcf89d-d41f-461b-932e-d50973602ffb,INC-2026-000318,Oluwaseun Adebayo,oluwaseun.adebayo@example.com,Quality,Onshore Gas Processing Plant,Tank Farm,Near Miss,Low,Day,"Warm, humid, rain clearing",pipe handling tool,,2026-08-02T14:32:00+00:00,2026-08-02T14:57:00+00:00,closed
348cd663-3c65-432e-88af-3b6347a977e9,INC-2026-000319,Tamuno George,tamuno.george@example.com,Quality,Marine Supply Base,Marine Jetty,Near Miss,High,Day,"Dry, dusty conditions",lifting sling,,2026-01-04T13:57:00+00:00,2026-01-04T14:56:00+00:00,closed
84172d91-19a6-4625-a078-b7844e2ce58d,INC-2026-000320,Favour Briggs,favour.briggs@example.com,Logistics,Onshore Gas Processing Plant,Gas Compression Unit,Fire,Critical,Day,"Dry, dusty conditions",portable generator,,2025-04-07T07:56:00+00:00,2025-04-07T08:44:00+00:00,submitted
bf363e61-5efa-4d58-9f0e-6bcc4f3fa3a1,INC-2026-000321,Obinna Okeke,obinna.okeke@example.com,Drilling,Eket Drilling Site,Rig Floor,Dropped Object,Medium,Day,"Dry, dusty conditions",portable sensor,,2024-01-16T09:39:00+00:00,2024-01-16T10:20:00+00:00,submitted
fb5f03f8-bfaf-4578-993e-910e7fb90387,INC-2026-000322,Iniobong Akpan,iniobong.akpan@example.com,HSE,Akwa Ibom site,Operations Office,Slip/Trip/Fall,Critical,Day,"Warm, humid, rain clearing",grating panel,Eastern Plant Maintenance Ltd,2025-05-25T09:49:00+00:00,2025-05-25T10:08:00+00:00,corrective_action
e4f890d4-14f1-4b43-b1ca-d76754df274e,INC-2026-000323,Chinedu Okafor,chinedu.okafor@example.com,HSE,Eastern Flow Station,Pump House,Environmental Release,Low,Day,"Intermittent rain, humid conditions",waste transfer hose,,2025-09-21T13:20:00+00:00,2025-09-21T14:04:00+00:00,corrective_action
13b93f4f-6c86-4400-adde-b903e85f6f0e,INC-2026-000324,Adaeze Nwosu,adaeze.nwosu@example.com,HSE,Eket Drilling Site,Mud Plant,Near Miss,Medium,Day,Hot and dry with light haze,pressure gauge,,2025-04-01T07:26:00+00:00,2025-04-01T08:15:00+00:00,closed
7797d171-98ab-4ebf-a1bf-8b32fd245cfc,INC-2026-000325,Zainab Yusuf,zainab.yusuf@example.com,Operations,Onshore,Process Train,Near Miss,High,Day,"Warm, humid, rain clearing",lifting sling,,2025-07-10T09:22:00+00:00,2025-07-10T10:14:00+00:00,pending_verification
1e2dfc03-f955-4f34-8310-224c5221a8a1,INC-2026-000326,Adaeze Nwosu,adaeze.nwosu@example.com,Drilling,Eastern Flow Station,Pump House,Slip/Trip/Fall,Medium,Night,Overcast with light rain,grating panel,,2024-08-07T20:31:00+00:00,2024-08-07T21:15:00+00:00,under_review
01e5bd29-e4fe-41c5-befe-7797181d6ce3,INC-2026-000327,Eno Etim,eno.etim@example.com,HSE,Qua Iboe Logistics Yard,Vehicle Yard,Slip/Trip/Fall,Medium,Day,Hot and dry with light haze,access stair tread,,2025-11-24T09:35:00+00:00,2025-11-24T10:26:00+00:00,corrective_action
d7e6d149-06d2-43f7-acba-81827b7e836b,INC-2026-000328,Bashir Shehu,bashir.shehu@example.com,Drilling,Offshore Platform Alpha,Production Deck,Electrical Hazard,Medium,Afternoon,"Cloudy and dry, visibility good",portable lighting circuit,Niger Delta Well Services Ltd,2023-12-17T16:44:00+00:00,2023-12-17T17:32:00+00:00,under_review
ad4a0a9b-8bec-4409-b4f5-d67efe6490e0,INC-2026-000329,Adaeze Nwosu,adaeze.nwosu@example.com,Operations,Old site,Power House,Equipment Failure,Low,Night,Hot and dry with light haze,lifting winch,,2025-01-10T20:03:00+00:00,2025-01-10T20:42:00+00:00,submitted
b95abaf1-c97d-431d-9cc4-c0c87c3a5ac7,INC-2026-000330,Obinna Okeke,obinna.okeke@example.com,HSE,Marine Supply Base,Vehicle Yard,Slip/Trip/Fall,High,Day,"Intermittent rain, humid conditions",grating panel,,2025-10-29T10:22:00+00:00,2025-10-29T11:08:00+00:00,under_review
64ed4142-9b67-4237-9074-aba65490300b,INC-2026-000331,Ifunanya Umeh,ifunanya.umeh@example.com,HSE,Onshore Gas Processing Plant,Process Train 1,Slip/Trip/Fall,Medium,Afternoon,"Warm, humid, rain clearing",cable ramp,,2024-09-12T18:25:00+00:00,2024-09-12T18:59:00+00:00,corrective_action
ceac4de6-5a24-4bb6-9e8e-18d6541b69d9,INC-2026-000332,Temitope Balogun,temitope.balogun@example.com,Drilling,Akwa Ibom site,Materials Yard,Near Miss,High,Day,Humid with calm wind,mobile work platform,,2024-11-12T13:51:00+00:00,2024-11-12T14:44:00+00:00,investigation
5335f040-1575-4e83-bab6-111ab9b61152,INC-2026-000333,Chukwuemeka Eze,chukwuemeka.eze@example.com,Maintenance,Onshore Gas Processing Plant,Process Train 1,Environmental Release,Low,Day,Overcast with light rain,waste transfer hose,Niger Delta Well Services Ltd,2025-08-09T10:23:00+00:00,2025-08-09T10:56:00+00:00,submitted
e532fded-34d8-4032-80ca-2f07394e96ba,INC-2026-000334,Chinedu Okafor,chinedu.okafor@example.com,Maintenance,Marine Supply Base,Vehicle Yard,Near Miss,Low,Day,"Intermittent rain, humid conditions",pressure gauge,,2025-10-25T08:41:00+00:00,2025-10-25T09:14:00+00:00,submitted
6b98633b-3922-4b74-bfab-809e2aec965d,INC-2026-000335,Obinna Okeke,obinna.okeke@example.com,Logistics,Onshore,Process Train,Equipment Failure,Critical,Day,Overcast with light rain,air compressor,,2026-06-18T13:03:00+00:00,2026-06-18T13:59:00+00:00,closed
3ee96416-16f5-4491-af07-f0ec57a1c30c,INC-2026-000336,Babatunde Ogunleye,babatunde.ogunleye@example.com,Maintenance,Qua Iboe Logistics Yard,Warehouse,Vehicle Incident,High,Day,"Warm, humid, rain clearing",light vehicle,Coastal Integrity Nigeria Ltd,2024-08-17T14:45:00+00:00,2024-08-17T15:26:00+00:00,submitted
ef46806b-c153-4dc8-8aba-4afe25082751,INC-2026-000337,Adeola Adeyemi,adeola.adeyemi@example.com,Maintenance,Onshore,Control Room,Near Miss,Low,Night,Hot and dry with light haze,pipe handling tool,,2026-02-26T06:21:00+00:00,2026-02-26T06:37:00+00:00,under_review
657370d1-074a-4d68-aa84-e85ad707fe39,INC-2026-000338,Chinedu Okafor,chinedu.okafor@example.com,Drilling,Onshore Gas Processing Plant,Gas Compression Unit,Fire,Low,Day,"Warm, humid, rain clearing",hot-work area,,2025-08-01T11:58:00+00:00,2025-08-01T12:30:00+00:00,closed
fa38dd8d-79fa-40f8-b20d-cd8cf0da1633,INC-2026-000339,Ifunanya Umeh,ifunanya.umeh@example.com,Maintenance,Qua Iboe Logistics Yard,Marine Jetty,Vehicle Incident,Low,Day,Overcast with light rain,forklift,,2026-05-24T08:53:00+00:00,2026-05-24T09:24:00+00:00,pending_verification
3e08e22e-8fba-44bb-b46e-d3c697c0e77d,INC-2026-000340,Folake Oladipo,folake.oladipo@example.com,Quality,Marine Supply Base,Marine Jetty,Equipment Failure,Medium,Day,Overcast with light rain,centrifugal pump,,2024-07-08T13:06:00+00:00,2024-07-08T13:29:00+00:00,closed
0d795b29-a6c4-47c2-a0fa-e24c3718c579,INC-2026-000341,Ifunanya Umeh,ifunanya.umeh@example.com,Logistics,New site,Site Camp,Electrical Hazard,Low,Night,Hot and dry with light haze,junction box,Apex Marine Support Ltd,2026-04-29T20:46:00+00:00,2026-04-29T21:08:00+00:00,investigation
abacc1db-1576-4cf6-b623-62732ac60f37,INC-2026-000342,Ifunanya Umeh,ifunanya.umeh@example.com,Quality,Akwa Ibom site,Materials Yard,Near Miss,High,Day,"Dry, dusty conditions",lifting sling,,2026-03-24T13:18:00+00:00,2026-03-24T13:58:00+00:00,pending_verification
cdfb2861-9576-4121-9dce-5d3dc75a6363,INC-2026-000343,Obinna Okeke,obinna.okeke@example.com,HSE,New site,Rig Floor,Fire,Medium,Night,Heavy shower earlier; wet deck,hydraulic power pack,,2023-10-01T20:23:00+00:00,2023-10-01T20:40:00+00:00,pending_verification
89ef7c0d-cc89-47f2-9cf0-1fd37ec0a5f6,INC-2026-000344,Folake Oladipo,folake.oladipo@example.com,Quality,Onshore,Control Room,PPE Non-Compliance,Low,Night,"Cloudy and dry, visibility good",eye protection,Coastal Integrity Nigeria Ltd,2026-04-01T06:55:00+00:00,2026-04-01T07:10:00+00:00,corrective_action
a9d9bc9d-3ce5-494c-aa3a-a0591f0476d9,INC-2026-000345,Oluwaseun Adebayo,oluwaseun.adebayo@example.com,Quality,Marine Supply Base,Marine Jetty,Near Miss,Critical,Night,Overcast with light rain,pipe handling tool,,2026-08-11T20:55:00+00:00,2026-08-11T21:24:00+00:00,closed
eead1fe2-1a03-4a22-8549-92673ac47ad5,INC-2026-000346,Zainab Yusuf,zainab.yusuf@example.com,Operations,Offshore Platform Alpha,Drilling Deck,Near Miss,Medium,Day,Heavy shower earlier; wet deck,pressure gauge,,2024-08-03T11:15:00+00:00,2024-08-03T11:33:00+00:00,investigation
84f61fa6-c5f4-4f08-b714-25c442133868,INC-2026-000347,Chukwuemeka Eze,chukwuemeka.eze@example.com,Drilling,Marine Supply Base,Marine Jetty,Near Miss,Low,Day,Hot and dry with light haze,mobile work platform,,2026-04-17T09:44:00+00:00,2026-04-17T10:30:00+00:00,corrective_action
279e17c4-0a3c-4d61-8710-27c74923775b,INC-2026-000348,Temitope Balogun,temitope.balogun@example.com,Maintenance,Eastern Flow Station,Pump House,Fire,Critical,Night,"Warm, humid, rain clearing",portable generator,,2024-05-25T20:01:00+00:00,2024-05-25T20:41:00+00:00,submitted
c4a17d0b-2405-4daa-9d27-12961ea89804,INC-2026-000349,Bashir Shehu,bashir.shehu@example.com,Logistics,Onshore,Process Train,Fire,Critical,Day,"Intermittent rain, humid conditions",hydraulic power pack,Apex Marine Support Ltd,2025-09-21T10:37:00+00:00,2025-09-21T11:13:00+00:00,investigation
a4e8c195-2317-43db-b377-8188df26e0e0,INC-2026-000350,Aisha Abdullahi,aisha.abdullahi@example.com,Operations,Akwa Ibom site,Operations Office,Slip/Trip/Fall,Medium,Afternoon,Overcast with light rain,grating panel,Apex Marine Support Ltd,2025-08-20T16:36:00+00:00,2025-08-20T17:16:00+00:00,investigation
8ed9569d-0f07-4d50-9375-02ff503d037d,INC-2026-000351,Chukwuemeka Eze,chukwuemeka.eze@example.com,Logistics,Old site,Power House,Slip/Trip/Fall,High,Day,Hot and dry with light haze,temporary walkway,,2024-02-16T07:22:00+00:00,2024-02-16T07:44:00+00:00,investigation
07b67f28-ea32-4ce6-9f6f-fdf272cf34aa,INC-2026-000352,Chukwuemeka Eze,chukwuemeka.eze@example.com,Maintenance,Onshore Gas Processing Plant,Process Train 1,Oil/Chemical Spillage,Medium,Afternoon,"Dry, dusty conditions",lubricant tote valve,,2024-03-30T18:21:00+00:00,2024-03-30T18:36:00+00:00,pending_verification
4cf147aa-9132-4da4-95b9-f3b8cc30740f,INC-2026-000353,Iniobong Akpan,iniobong.akpan@example.com,HSE,Marine Supply Base,Vehicle Yard,Vehicle Incident,High,Day,"Dry, dusty conditions",forklift,,2025-04-30T10:22:00+00:00,2025-04-30T10:59:00+00:00,corrective_action
e8d7b6a0-4168-47c2-8e92-b4ddb992a033,INC-2026-000354,Chukwuemeka Eze,chukwuemeka.eze@example.com,Logistics,Eastern Flow Station,Pump House,Environmental Release,Low,Afternoon,"Cloudy and dry, visibility good",waste transfer hose,,2024-12-11T15:08:00+00:00,2024-12-11T15:53:00+00:00,closed
208ea127-6719-4a0e-b151-508924dff79f,INC-2026-000355,Ifunanya Umeh,ifunanya.umeh@example.com,Maintenance,Eastern Flow Station,Separator Area,Oil/Chemical Spillage,Low,Day,Humid with calm wind,chemical transfer hose,,2026-01-08T13:06:00+00:00,2026-01-08T13:42:00+00:00,investigation
baaafa44-05f8-4756-98b4-bf6dd0d76b4f,INC-2026-000356,Temitope Balogun,temitope.balogun@example.com,Quality,Eastern Flow Station,Pump House,Equipment Failure,Critical,Day,"Warm, humid, rain clearing",lifting winch,,2024-08-06T08:54:00+00:00,2024-08-06T09:42:00+00:00,closed
24d0045e-4f47-4c26-af62-678398556fca,INC-2026-000357,Folake Oladipo,folake.oladipo@example.com,Maintenance,Eastern Flow Station,Pump House,Near Miss,Low,Afternoon,"Warm, humid, rain clearing",pipe handling tool,Apex Marine Support Ltd,2026-06-18T15:04:00+00:00,2026-06-18T15:40:00+00:00,submitted
1d5cc2e0-e7cb-4b1c-b438-5b1ac3de8773,INC-2026-000358,Aisha Abdullahi,aisha.abdullahi@example.com,Logistics,Onshore Gas Processing Plant,Tank Farm,Vehicle Incident,Low,Day,Humid with calm wind,telehandler,,2026-03-16T14:35:00+00:00,2026-03-16T15:19:00+00:00,investigation
40ef35ad-4d8b-4814-8a59-8ac794f031f6,INC-2026-000359,Adeola Adeyemi,adeola.adeyemi@example.com,Quality,Old site,Power House,Equipment Failure,Low,Day,"Warm, humid, rain clearing",centrifugal pump,,2025-07-15T11:27:00+00:00,2025-07-15T12:19:00+00:00,investigation
da5828f0-fb65-4137-9270-ce26a1a0663c,INC-2026-000360,Chinedu Okafor,chinedu.okafor@example.com,HSE,Eastern Flow Station,Emergency Assembly Point,PPE Non-Compliance,Low,Day,"Dry, dusty conditions",eye protection,Apex Marine Support Ltd,2024-11-14T11:11:00+00:00,2024-11-14T12:08:00+00:00,corrective_action
0248594a-f0bb-4a06-a820-9eff2698feff,INC-2026-000361,Ifunanya Umeh,ifunanya.umeh@example.com,Operations,Marine Supply Base,Marine Jetty,Near Miss,Medium,Night,Hot and dry with light haze,lifting sling,,2025-01-10T20:35:00+00:00,2025-01-10T21:01:00+00:00,corrective_action
0201bc92-a41e-4d92-96f1-483ef6076565,INC-2026-000362,Temitope Balogun,temitope.balogun@example.com,Logistics,New site,Site Camp,Fire,High,Day,Hot and dry with light haze,portable generator,,2026-04-06T08:24:00+00:00,2026-04-06T08:56:00+00:00,pending_verification
156de5b4-fe0c-4c41-8e48-b3fe590ad717,INC-2026-000363,Aisha Abdullahi,aisha.abdullahi@example.com,Quality,Old site,Power House,Electrical Hazard,Medium,Day,Hot and dry with light haze,motor isolator,Coastal Integrity Nigeria Ltd,2025-04-05T14:37:00+00:00,2025-04-05T15:17:00+00:00,investigation
9ff9414a-bb1c-4c28-8c1a-c98a1a4e5bd8,INC-2026-000364,Obinna Okeke,obinna.okeke@example.com,Maintenance,Eket Drilling Site,Mud Plant,PPE Non-Compliance,Low,Day,"Cloudy and dry, visibility good",fall-arrest harness,,2024-04-16T14:09:00+00:00,2024-04-16T14:50:00+00:00,pending_verification
569aac1d-0a80-4f54-bccb-69cb3b7713c5,INC-2026-000365,Ifunanya Umeh,ifunanya.umeh@example.com,Operations,Offshore Platform Alpha,Production Deck,PPE Non-Compliance,Low,Day,"Cloudy and dry, visibility good",chemical gloves,,2026-04-27T08:32:00+00:00,2026-04-27T09:21:00+00:00,closed
c70e3fd9-d2a6-4a18-adce-f11c5fcae100,INC-2026-000366,Temitope Balogun,temitope.balogun@example.com,Maintenance,Qua Iboe Logistics Yard,Marine Jetty,Slip/Trip/Fall,Low,Afternoon,Overcast with light rain,cable ramp,,2024-05-07T16:58:00+00:00,2024-05-07T17:54:00+00:00,investigation
5e5da190-eb83-4d67-b56c-75f7ddfe0153,INC-2026-000367,Folake Oladipo,folake.oladipo@example.com,Quality,Old site,Legacy Process Unit,Fire,High,Day,"Dry, dusty conditions",hot-work area,,2025-03-27T07:44:00+00:00,2025-03-27T08:21:00+00:00,corrective_action
103c28f7-24f4-49ab-b76e-3ef36731cbde,INC-2026-000368,Aisha Abdullahi,aisha.abdullahi@example.com,Quality,Eastern Flow Station,Pump House,Environmental Release,Low,Day,"Warm, humid, rain clearing",chemical dosing skid,Coastal Integrity Nigeria Ltd,2023-10-28T13:32:00+00:00,2023-10-28T14:19:00+00:00,under_review
a3ca10f0-9d6b-4842-a83b-bfc8f802281c,INC-2026-000369,Chukwuemeka Eze,chukwuemeka.eze@example.com,Maintenance,Marine Supply Base,Warehouse,Vehicle Incident,High,Day,"Warm, humid, rain clearing",forklift,Coastal Integrity Nigeria Ltd,2026-05-28T09:24:00+00:00,2026-05-28T10:19:00+00:00,closed
2012434a-c3db-4846-b6cb-87a62b8045a2,INC-2026-000370,Zainab Yusuf,zainab.yusuf@example.com,Logistics,New site,Rig Floor,Slip/Trip/Fall,High,Day,"Dry, dusty conditions",cable ramp,Eastern Plant Maintenance Ltd,2026-04-19T08:40:00+00:00,2026-04-19T09:03:00+00:00,pending_verification
221c6b22-7f97-4b07-b176-4313b9b61764,INC-2026-000371,Temitope Balogun,temitope.balogun@example.com,Logistics,Onshore Gas Processing Plant,Process Train 1,Vehicle Incident,High,Day,"Cloudy and dry, visibility good",light vehicle,Apex Marine Support Ltd,2023-12-31T07:23:00+00:00,2023-12-31T07:50:00+00:00,closed
9833b4ef-ab2a-4c5b-8be3-32f645e380d3,INC-2026-000372,Adaeze Nwosu,adaeze.nwosu@example.com,Quality,Marine Supply Base,Warehouse,Slip/Trip/Fall,Low,Afternoon,Overcast with light rain,temporary walkway,,2025-07-27T18:40:00+00:00,2025-07-27T19:10:00+00:00,corrective_action
882a7186-ff6e-4295-9d07-4960bcaf1516,INC-2026-000373,Musa Ibrahim,musa.ibrahim@example.com,Operations,Onshore Gas Processing Plant,Gas Compression Unit,Near Miss,Medium,Day,"Warm, humid, rain clearing",mobile work platform,Niger Delta Well Services Ltd,2025-08-30T13:25:00+00:00,2025-08-30T13:55:00+00:00,pending_verification
ce310e61-1bbe-4051-a01d-7bb2d97e7e55,INC-2026-000374,Oluwaseun Adebayo,oluwaseun.adebayo@example.com,Operations,Akwa Ibom site,Maintenance Workshop,Electrical Hazard,Medium,Day,Heavy shower earlier; wet deck,portable lighting circuit,Coastal Integrity Nigeria Ltd,2026-07-01T11:17:00+00:00,2026-07-01T12:00:00+00:00,corrective_action
959b175b-e951-47e5-baed-2e008880ed2d,INC-2026-000375,Folake Oladipo,folake.oladipo@example.com,Quality,Onshore,Tank Farm,Oil/Chemical Spillage,Low,Afternoon,"Warm, humid, rain clearing",pump seal assembly,Niger Delta Well Services Ltd,2024-05-06T16:27:00+00:00,2024-05-06T16:56:00+00:00,investigation
847173bd-db54-4b68-836d-3b2454ad1004,INC-2026-000376,Temitope Balogun,temitope.balogun@example.com,HSE,Eastern Flow Station,Emergency Assembly Point,Near Miss,Low,Night,"Dry, dusty conditions",pipe handling tool,Coastal Integrity Nigeria Ltd,2024-11-18T06:49:00+00:00,2024-11-18T07:44:00+00:00,under_review
117a9a31-74a1-4a65-8cec-af9c4ad8474e,INC-2026-000377,Chinedu Okafor,chinedu.okafor@example.com,Drilling,Onshore Gas Processing Plant,Gas Compression Unit,Equipment Failure,Critical,Day,"Intermittent rain, humid conditions",process valve actuator,,2026-08-27T14:57:00+00:00,2026-08-27T15:55:00+00:00,investigation
17bae3dd-5515-45cb-bcc6-271bbd86e6d4,INC-2026-000378,Sani Bello,sani.bello@example.com,Logistics,New site,Site Camp,Electrical Hazard,Low,Night,Hot and dry with light haze,junction box,,2024-03-09T06:50:00+00:00,2024-03-09T07:27:00+00:00,corrective_action
0ca3988c-3120-4aa6-8a9e-899ad459dfeb,INC-2026-000379,Chinedu Okafor,chinedu.okafor@example.com,Quality,New site,Well Pad,Slip/Trip/Fall,Critical,Day,Heavy shower earlier; wet deck,cable ramp,,2025-08-18T09:48:00+00:00,2025-08-18T10:42:00+00:00,corrective_action
d840311b-679c-4864-8e77-bf544c96cff6,INC-2026-000380,Musa Ibrahim,musa.ibrahim@example.com,Logistics,Onshore Gas Processing Plant,Tank Farm,Near Miss,Medium,Afternoon,"Warm, humid, rain clearing",pressure gauge,,2023-10-03T15:22:00+00:00,2023-10-03T15:52:00+00:00,corrective_action
419adc11-4baa-43a1-bf2c-8164323a7235,INC-2026-000381,Chukwuemeka Eze,chukwuemeka.eze@example.com,Operations,Qua Iboe Logistics Yard,Vehicle Yard,Electrical Hazard,Low,Afternoon,"Intermittent rain, humid conditions",temporary power cable,Eastern Plant Maintenance Ltd,2025-06-12T15:47:00+00:00,2025-06-12T16:33:00+00:00,investigation
cbe0105d-c092-4fb0-acd5-c6501ab19a41,INC-2026-000382,Babatunde Ogunleye,babatunde.ogunleye@example.com,Maintenance,Onshore,Tank Farm,Environmental Release,High,Afternoon,"Dry, dusty conditions",produced-water line,,2024-01-11T15:19:00+00:00,2024-01-11T16:00:00+00:00,submitted
a84df569-16f7-40ad-8d11-17d7870de8d5,INC-2026-000383,Babatunde Ogunleye,babatunde.ogunleye@example.com,Logistics,Eastern Flow Station,Pump House,Near Miss,Low,Day,"Warm, humid, rain clearing",mobile work platform,,2024-08-08T09:57:00+00:00,2024-08-08T10:49:00+00:00,investigation
2108cff3-4ec0-4118-b4ee-a418113ad548,INC-2026-000384,Chukwuemeka Eze,chukwuemeka.eze@example.com,Drilling,Qua Iboe Logistics Yard,Warehouse,Equipment Failure,Low,Day,Humid with calm wind,air compressor,Eastern Plant Maintenance Ltd,2025-04-09T10:49:00+00:00,2025-04-09T11:35:00+00:00,under_review
3ca2e0ad-5475-48e7-b791-d2a850f00014,INC-2026-000385,Musa Ibrahim,musa.ibrahim@example.com,Logistics,Onshore Gas Processing Plant,Tank Farm,Environmental Release,Low,Night,Heavy shower earlier; wet deck,waste transfer hose,,2024-08-06T20:25:00+00:00,2024-08-06T21:23:00+00:00,corrective_action
f221f54b-cd3f-447d-8453-3e2bd5c585c5,INC-2026-000386,Babatunde Ogunleye,babatunde.ogunleye@example.com,Quality,Old site,Power House,Fire,Low,Day,"Intermittent rain, humid conditions",hydraulic power pack,,2025-07-28T11:37:00+00:00,2025-07-28T12:35:00+00:00,pending_verification
202be406-cb1f-41eb-b569-38deb748dd91,INC-2026-000387,Adeola Adeyemi,adeola.adeyemi@example.com,Maintenance,Qua Iboe Logistics Yard,Marine Jetty,Slip/Trip/Fall,Low,Day,Overcast with light rain,temporary walkway,Niger Delta Well Services Ltd,2025-10-25T09:07:00+00:00,2025-10-25T09:26:00+00:00,corrective_action
e9c30fd2-7853-4f20-a65b-777389507a9a,INC-2026-000388,Oluwaseun Adebayo,oluwaseun.adebayo@example.com,Operations,Eket Drilling Site,Rig Floor,Dropped Object,Medium,Day,"Warm, humid, rain clearing",portable sensor,Eastern Plant Maintenance Ltd,2026-07-11T13:58:00+00:00,2026-07-11T14:50:00+00:00,investigation
6e352493-87e4-427a-908b-3eaa705573ea,INC-2026-000389,Chinedu Okafor,chinedu.okafor@example.com,Drilling,Eastern Flow Station,Separator Area,Near Miss,Low,Day,Heavy shower earlier; wet deck,mobile work platform,,2024-08-26T14:09:00+00:00,2024-08-26T15:06:00+00:00,under_review
153f06a5-716e-45d3-a449-618db9420e0f,INC-2026-000390,Sani Bello,sani.bello@example.com,Operations,Old site,Assembly Point,Slip/Trip/Fall,High,Afternoon,"Intermittent rain, humid conditions",temporary walkway,,2026-07-02T16:32:00+00:00,2026-07-02T17:23:00+00:00,under_review
74896fff-dd59-4cb4-afca-f0566ed41bb9,INC-2026-000391,Oluwaseun Adebayo,oluwaseun.adebayo@example.com,Quality,Qua Iboe Logistics Yard,Warehouse,Equipment Failure,Medium,Afternoon,"Intermittent rain, humid conditions",process valve actuator,,2025-07-14T15:47:00+00:00,2025-07-14T16:21:00+00:00,under_review
773b5724-ce8b-4eb6-b017-ea598951b309,INC-2026-000392,Chukwuemeka Eze,chukwuemeka.eze@example.com,Quality,Eket Drilling Site,Rig Floor,Dropped Object,Low,Day,"Intermittent rain, humid conditions",portable sensor,,2023-10-28T07:50:00+00:00,2023-10-28T08:40:00+00:00,under_review
fd608ad2-5186-4dfa-bd00-13b591051265,INC-2026-000393,Chinedu Okafor,chinedu.okafor@example.com,Maintenance,Akwa Ibom site,Maintenance Workshop,Electrical Hazard,Medium,Night,Heavy shower earlier; wet deck,motor isolator,,2025-07-11T06:26:00+00:00,2025-07-11T06:42:00+00:00,under_review
52c1e820-0e47-41bc-bd70-bc6dbc2a8656,INC-2026-000394,Musa Ibrahim,musa.ibrahim@example.com,Drilling,Offshore Platform Alpha,Drilling Deck,Dropped Object,High,Afternoon,Overcast with light rain,tag line hook,,2025-07-18T15:00:00+00:00,2025-07-18T15:27:00+00:00,corrective_action
df60a20a-cbcb-408b-91e5-5aa8015b4315,INC-2026-000395,Obinna Okeke,obinna.okeke@example.com,Maintenance,Onshore Gas Processing Plant,Process Train 1,Environmental Release,Medium,Day,Humid with calm wind,drain isolation valve,,2025-12-12T07:28:00+00:00,2025-12-12T07:43:00+00:00,submitted
64dbdad8-ebb2-4478-be0a-8b691b86d784,INC-2026-000396,Chinedu Okafor,chinedu.okafor@example.com,Maintenance,Onshore,Tank Farm,Vehicle Incident,Low,Day,Overcast with light rain,light vehicle,,2023-09-30T11:27:00+00:00,2023-09-30T11:56:00+00:00,under_review
6a4e7142-b5e0-407b-afc0-c07acda4cd51,INC-2026-000397,Ifunanya Umeh,ifunanya.umeh@example.com,Operations,New site,Well Pad,Electrical Hazard,Low,Night,"Warm, humid, rain clearing",motor isolator,Eastern Plant Maintenance Ltd,2025-06-03T06:33:00+00:00,2025-06-03T07:12:00+00:00,submitted
c7e237bd-79a8-4f10-aaff-46d5010b6415,INC-2026-000398,Babatunde Ogunleye,babatunde.ogunleye@example.com,Logistics,Offshore Platform Alpha,Production Deck,Near Miss,Critical,Day,Hot and dry with light haze,pipe handling tool,Apex Marine Support Ltd,2025-03-27T11:38:00+00:00,2025-03-27T12:20:00+00:00,corrective_action
f215ac49-8fa5-4782-8c3f-e6bcd8ef2767,INC-2026-000399,Temitope Balogun,temitope.balogun@example.com,HSE,Old site,Power House,Electrical Hazard,Low,Night,Overcast with light rain,portable lighting circuit,,2026-08-19T06:31:00+00:00,2026-08-19T06:52:00+00:00,under_review
2e0863a3-5fbb-41a6-8584-b16ba4656012,INC-2026-000400,Adaeze Nwosu,adaeze.nwosu@example.com,HSE,Eastern Flow Station,Pump House,Slip/Trip/Fall,Low,Afternoon,"Warm, humid, rain clearing",access stair tread,Niger Delta Well Services Ltd,2026-08-22T16:47:00+00:00,2026-08-22T17:05:00+00:00,investigation
3d27641d-7c90-4843-bd6b-241c5017e57f,INC-2026-000401,Chukwuemeka Eze,chukwuemeka.eze@example.com,Logistics,New site,Site Camp,Equipment Failure,Medium,Night,Heavy shower earlier; wet deck,lifting winch,,2025-05-28T20:27:00+00:00,2025-05-28T21:19:00+00:00,pending_verification
65c15794-a39d-49e9-9301-613f5a5d4ab8,INC-2026-000402,Babatunde Ogunleye,babatunde.ogunleye@example.com,Maintenance,Onshore Gas Processing Plant,Tank Farm,Near Miss,Low,Day,"Warm, humid, rain clearing",pressure gauge,Apex Marine Support Ltd,2026-06-23T09:05:00+00:00,2026-06-23T09:51:00+00:00,closed
c773dde2-d7a8-47b1-be66-54e59a843f74,INC-2026-000403,Sani Bello,sani.bello@example.com,HSE,Qua Iboe Logistics Yard,Warehouse,Near Miss,High,Day,Humid with calm wind,mobile work platform,Coastal Integrity Nigeria Ltd,2026-04-16T08:47:00+00:00,2026-04-16T09:28:00+00:00,closed
08ea84d3-9df7-4f36-ac7f-0b077505fbac,INC-2026-000404,Adaeze Nwosu,adaeze.nwosu@example.com,Logistics,New site,Well Pad,Slip/Trip/Fall,Medium,Day,"Warm, humid, rain clearing",cable ramp,,2025-05-17T09:26:00+00:00,2025-05-17T10:08:00+00:00,submitted
0734d3df-d176-48d7-9c83-72ea2c8f1474,INC-2026-000405,Adaeze Nwosu,adaeze.nwosu@example.com,HSE,Eket Drilling Site,Rig Floor,Dropped Object,Low,Afternoon,Heavy shower earlier; wet deck,portable sensor,Eastern Plant Maintenance Ltd,2024-07-18T18:53:00+00:00,2024-07-18T19:10:00+00:00,closed
1ca0c320-c313-4409-a897-f5713982cd39,INC-2026-000406,Obinna Okeke,obinna.okeke@example.com,Maintenance,Onshore Gas Processing Plant,Process Train 1,Near Miss,Low,Afternoon,Heavy shower earlier; wet deck,lifting sling,Niger Delta Well Services Ltd,2024-07-29T18:27:00+00:00,2024-07-29T19:04:00+00:00,closed
dbf759e5-a8a5-4f6e-97d8-06139342fd29,INC-2026-000407,Sani Bello,sani.bello@example.com,Operations,Akwa Ibom site,Maintenance Workshop,PPE Non-Compliance,Medium,Afternoon,Hot and dry with light haze,eye protection,,2024-12-02T18:10:00+00:00,2024-12-02T18:54:00+00:00,submitted
78797bc8-21d1-40c2-b38d-532c57bba9fc,INC-2026-000408,Ifunanya Umeh,ifunanya.umeh@example.com,HSE,Onshore,Tank Farm,Near Miss,Low,Afternoon,"Cloudy and dry, visibility good",pipe handling tool,,2025-01-27T15:34:00+00:00,2025-01-27T16:12:00+00:00,under_review
06e47759-2d46-4040-a164-cf3a3a59bfec,INC-2026-000409,Chukwuemeka Eze,chukwuemeka.eze@example.com,HSE,Eastern Flow Station,Separator Area,Slip/Trip/Fall,High,Day,Overcast with light rain,cable ramp,,2024-07-19T14:06:00+00:00,2024-07-19T15:04:00+00:00,closed
4419e190-5188-4377-b609-af533fcef84c,INC-2026-000410,Musa Ibrahim,musa.ibrahim@example.com,Logistics,Onshore Gas Processing Plant,Tank Farm,Near Miss,Low,Afternoon,Heavy shower earlier; wet deck,mobile work platform,,2024-06-01T15:26:00+00:00,2024-06-01T15:54:00+00:00,investigation
81299432-ebea-432b-a3c8-bd8ee77690b9,INC-2026-000411,Adeola Adeyemi,adeola.adeyemi@example.com,HSE,Eastern Flow Station,Separator Area,Environmental Release,Low,Day,"Warm, humid, rain clearing",waste transfer hose,Eastern Plant Maintenance Ltd,2025-09-28T11:00:00+00:00,2025-09-28T11:24:00+00:00,submitted
d9fe695e-6198-41c2-ac82-65d6ff457008,INC-2026-000412,Ifunanya Umeh,ifunanya.umeh@example.com,Logistics,Marine Supply Base,Warehouse,Near Miss,Low,Day,"Intermittent rain, humid conditions",pressure gauge,,2026-08-13T08:07:00+00:00,2026-08-13T08:37:00+00:00,submitted
680d8767-83b9-4dd2-a8ac-e016fbbe218a,INC-2026-000413,Obinna Okeke,obinna.okeke@example.com,HSE,Marine Supply Base,Warehouse,Equipment Failure,Low,Day,"Intermittent rain, humid conditions",centrifugal pump,Coastal Integrity Nigeria Ltd,2025-09-28T07:55:00+00:00,2025-09-28T08:51:00+00:00,corrective_action
5c50a307-0437-414a-a881-2e8b50480fd5,INC-2026-000414,Ifunanya Umeh,ifunanya.umeh@example.com,Operations,Onshore Gas Processing Plant,Process Train 1,Near Miss,High,Day,"Dry, dusty conditions",pipe handling tool,Niger Delta Well Services Ltd,2025-03-21T09:42:00+00:00,2025-03-21T10:39:00+00:00,submitted
04fe30ed-e3bd-4416-910d-201a8955977c,INC-2026-000415,Adeola Adeyemi,adeola.adeyemi@example.com,Quality,Eket Drilling Site,Rig Floor,Dropped Object,Low,Day,"Cloudy and dry, visibility good",portable sensor,Apex Marine Support Ltd,2024-12-28T13:50:00+00:00,2024-12-28T14:11:00+00:00,submitted
d459ec4e-a294-4cce-9737-10aa4a0e635d,INC-2026-000416,Musa Ibrahim,musa.ibrahim@example.com,Maintenance,Eket Drilling Site,Rig Floor,Dropped Object,Critical,Day,Hot and dry with light haze,portable sensor,,2026-04-09T14:02:00+00:00,2026-04-09T14:51:00+00:00,corrective_action
c1bf5742-b2a0-461d-a881-0564bcf1ea19,INC-2026-000417,Adaeze Nwosu,adaeze.nwosu@example.com,Drilling,Onshore,Process Train,Slip/Trip/Fall,Low,Day,"Intermittent rain, humid conditions",cable ramp,,2025-08-26T11:22:00+00:00,2025-08-26T12:17:00+00:00,submitted
5a7e99d4-efb7-415b-8d49-fd208a6be166,INC-2026-000418,Chinedu Okafor,chinedu.okafor@example.com,HSE,Old site,Legacy Process Unit,PPE Non-Compliance,Medium,Day,Heavy shower earlier; wet deck,respiratory protection set,,2025-05-18T09:41:00+00:00,2025-05-18T10:25:00+00:00,under_review
5e6b47f0-4140-4159-8f42-2e562dfafca0,INC-2026-000419,Chukwuemeka Eze,chukwuemeka.eze@example.com,Operations,Offshore Platform Alpha,Production Deck,Dropped Object,Low,Afternoon,"Intermittent rain, humid conditions",tag line hook,,2024-07-21T16:20:00+00:00,2024-07-21T17:08:00+00:00,closed
23c68953-be10-488c-b131-40c481b51f0d,INC-2026-000420,Adeola Adeyemi,adeola.adeyemi@example.com,Maintenance,Eastern Flow Station,Pump House,Equipment Failure,High,Night,"Intermittent rain, humid conditions",process valve actuator,,2026-05-09T20:00:00+00:00,2026-05-09T20:57:00+00:00,closed
5a8e2736-3d96-4ea9-aab7-bb4f020e81e1,INC-2026-000421,Sani Bello,sani.bello@example.com,Operations,Eastern Flow Station,Pump House,Oil/Chemical Spillage,Low,Day,Humid with calm wind,pump seal assembly,,2026-01-04T11:10:00+00:00,2026-01-04T11:34:00+00:00,submitted
3ca9f376-c116-4168-801c-57cd81d6ff67,INC-2026-000422,Temitope Balogun,temitope.balogun@example.com,Drilling,Offshore Platform Alpha,Production Deck,PPE Non-Compliance,High,Afternoon,"Dry, dusty conditions",chemical gloves,Apex Marine Support Ltd,2026-02-03T16:06:00+00:00,2026-02-03T17:04:00+00:00,pending_verification
925b04a4-dfa6-4b87-92cf-3bdb374d2495,INC-2026-000423,Ifunanya Umeh,ifunanya.umeh@example.com,Drilling,Eket Drilling Site,Mud Plant,Fire,Critical,Day,Overcast with light rain,electrical distribution board,,2025-07-02T10:00:00+00:00,2025-07-02T10:19:00+00:00,investigation
21847317-29b6-4925-866a-b8a7b6fdd1a0,INC-2026-000424,Sani Bello,sani.bello@example.com,HSE,Eket Drilling Site,Well Pad,Slip/Trip/Fall,Medium,Day,Overcast with light rain,access stair tread,Apex Marine Support Ltd,2026-06-13T14:47:00+00:00,2026-06-13T15:42:00+00:00,investigation
eeb38299-01b3-4026-b354-5a80dd92eeb5,INC-2026-000425,Chinedu Okafor,chinedu.okafor@example.com,Maintenance,Eket Drilling Site,Rig Floor,Dropped Object,Medium,Night,Humid with calm wind,spanner set,,2024-12-16T20:41:00+00:00,2024-12-16T21:26:00+00:00,submitted
d6a155f9-9275-42b7-b402-f612f90185d3,INC-2026-000426,Adeola Adeyemi,adeola.adeyemi@example.com,Drilling,Akwa Ibom site,Operations Office,PPE Non-Compliance,High,Afternoon,Humid with calm wind,fall-arrest harness,,2026-03-19T18:13:00+00:00,2026-03-19T18:45:00+00:00,investigation
d416330c-2978-4e91-bed7-2ffec5d2d8e0,INC-2026-000427,Adaeze Nwosu,adaeze.nwosu@example.com,HSE,Onshore Gas Processing Plant,Process Train 1,Fire,Medium,Night,"Warm, humid, rain clearing",hydraulic power pack,,2026-07-26T20:01:00+00:00,2026-07-26T20:34:00+00:00,pending_verification
db147b8a-aec0-487c-88f9-048bb0ec2055,INC-2026-000428,Zainab Yusuf,zainab.yusuf@example.com,Drilling,Old site,Power House,Near Miss,Medium,Day,Overcast with light rain,pipe handling tool,Apex Marine Support Ltd,2024-06-08T10:23:00+00:00,2024-06-08T10:40:00+00:00,pending_verification
b75326bf-3a5f-4a05-8fb2-900aa8a063dc,INC-2026-000429,Chinedu Okafor,chinedu.okafor@example.com,Operations,Onshore Gas Processing Plant,Process Train 1,Vehicle Incident,Low,Afternoon,"Warm, humid, rain clearing",service truck,,2025-06-15T18:27:00+00:00,2025-06-15T19:23:00+00:00,closed
07138cf1-5104-4983-be02-43d47562ba17,INC-2026-000430,Chinedu Okafor,chinedu.okafor@example.com,Drilling,Onshore,Tank Farm,Near Miss,Medium,Day,"Cloudy and dry, visibility good",lifting sling,Coastal Integrity Nigeria Ltd,2026-03-31T13:28:00+00:00,2026-03-31T14:02:00+00:00,corrective_action
d165e29f-3d99-4594-82d5-b5fff4cbfc70,INC-2026-000431,Adaeze Nwosu,adaeze.nwosu@example.com,Logistics,Eket Drilling Site,Rig Floor,Dropped Object,Low,Afternoon,"Warm, humid, rain clearing",portable sensor,Niger Delta Well Services Ltd,2026-05-03T15:14:00+00:00,2026-05-03T16:12:00+00:00,investigation
720d9d03-a28a-42e0-a3ab-799665dbce37,INC-2026-000432,Zainab Yusuf,zainab.yusuf@example.com,HSE,Onshore,Process Train,Slip/Trip/Fall,Low,Night,Hot and dry with light haze,access stair tread,,2024-12-05T20:46:00+00:00,2024-12-05T21:13:00+00:00,submitted
27da7823-20de-4803-a4b8-8d336c414f6e,INC-2026-000433,Tamuno George,tamuno.george@example.com,HSE,Eket Drilling Site,Rig Floor,Dropped Object,Critical,Night,Heavy shower earlier; wet deck,portable sensor,Apex Marine Support Ltd,2026-08-12T06:46:00+00:00,2026-08-12T07:12:00+00:00,corrective_action
48d28ad1-189d-4a61-97a4-232a934532c7,INC-2026-000434,Chukwuemeka Eze,chukwuemeka.eze@example.com,Maintenance,Onshore,Process Train,Electrical Hazard,Critical,Night,"Intermittent rain, humid conditions",motor isolator,,2026-07-13T20:15:00+00:00,2026-07-13T21:06:00+00:00,investigation
59d32375-1753-4133-bc74-2030ff0462a8,INC-2026-000435,Babatunde Ogunleye,babatunde.ogunleye@example.com,Maintenance,Qua Iboe Logistics Yard,Vehicle Yard,Electrical Hazard,Low,Afternoon,"Cloudy and dry, visibility good",portable lighting circuit,,2024-01-27T18:30:00+00:00,2024-01-27T19:08:00+00:00,submitted
e97b9041-5628-4d21-b27d-79c675d4950c,INC-2026-000436,Musa Ibrahim,musa.ibrahim@example.com,Quality,Eastern Flow Station,Emergency Assembly Point,Near Miss,Medium,Day,"Dry, dusty conditions",pressure gauge,,2024-04-02T09:40:00+00:00,2024-04-02T10:00:00+00:00,under_review
7cb029c4-a990-4337-9537-95e114c4bbd1,INC-2026-000437,Aisha Abdullahi,aisha.abdullahi@example.com,Maintenance,Akwa Ibom site,Operations Office,Near Miss,Low,Day,"Intermittent rain, humid conditions",pressure gauge,,2024-05-27T11:36:00+00:00,2024-05-27T12:07:00+00:00,investigation
19bbcb88-f902-4790-911d-eb4f9378eeeb,INC-2026-000438,Oluwaseun Adebayo,oluwaseun.adebayo@example.com,Maintenance,Qua Iboe Logistics Yard,Warehouse,Near Miss,Medium,Night,"Cloudy and dry, visibility good",pressure gauge,,2025-03-12T20:33:00+00:00,2025-03-12T21:22:00+00:00,under_review
16ba08bc-7ebe-4062-9bd6-7637688dd304,INC-2026-000439,Ifunanya Umeh,ifunanya.umeh@example.com,Drilling,Onshore,Tank Farm,PPE Non-Compliance,Medium,Night,"Warm, humid, rain clearing",respiratory protection set,Apex Marine Support Ltd,2026-07-26T20:14:00+00:00,2026-07-26T20:48:00+00:00,submitted
520bb3cd-d021-4444-9c4c-fc4508513845,INC-2026-000440,Obinna Okeke,obinna.okeke@example.com,HSE,Eket Drilling Site,Mud Plant,Fire,Low,Day,"Intermittent rain, humid conditions",hydraulic power pack,,2025-07-23T10:24:00+00:00,2025-07-23T11:02:00+00:00,submitted
7a67c90c-7b39-43f4-89ea-e73b59c96e1c,INC-2026-000441,Sani Bello,sani.bello@example.com,HSE,Marine Supply Base,Warehouse,Vehicle Incident,Critical,Day,Overcast with light rain,forklift,Apex Marine Support Ltd,2025-09-25T07:10:00+00:00,2025-09-25T07:35:00+00:00,corrective_action
44e01ebc-0596-4050-8bed-ea72e7689be4,INC-2026-000442,Folake Oladipo,folake.oladipo@example.com,Logistics,Offshore Platform Alpha,Helideck,Dropped Object,High,Day,Humid with calm wind,small-bore fitting,,2026-01-25T14:46:00+00:00,2026-01-25T15:42:00+00:00,submitted
06262b90-6ef9-4dc8-b23c-60b68825c82a,INC-2026-000443,Chinedu Okafor,chinedu.okafor@example.com,Quality,Onshore Gas Processing Plant,Process Train 1,Near Miss,Medium,Afternoon,"Intermittent rain, humid conditions",pipe handling tool,Eastern Plant Maintenance Ltd,2024-08-01T15:50:00+00:00,2024-08-01T16:28:00+00:00,closed
c8443fe4-0535-4f2f-a6da-9aa2b81df5f7,INC-2026-000444,Sani Bello,sani.bello@example.com,Drilling,Eket Drilling Site,Rig Floor,Near Miss,Low,Night,"Intermittent rain, humid conditions",pressure gauge,,2025-07-14T06:13:00+00:00,2025-07-14T06:38:00+00:00,investigation
944d5784-f7bd-4fd8-a0dc-aeb2682dccf2,INC-2026-000445,Ifunanya Umeh,ifunanya.umeh@example.com,Logistics,Marine Supply Base,Warehouse,PPE Non-Compliance,Critical,Day,"Dry, dusty conditions",chemical gloves,,2024-03-28T09:48:00+00:00,2024-03-28T10:41:00+00:00,corrective_action
cb36930e-7c55-45f3-a911-7d8b9fe43d60,INC-2026-000446,Ifunanya Umeh,ifunanya.umeh@example.com,Logistics,New site,Rig Floor,Equipment Failure,Medium,Day,"Intermittent rain, humid conditions",air compressor,,2024-07-24T10:32:00+00:00,2024-07-24T11:24:00+00:00,under_review
fdcf14b1-5a95-4e04-88cd-dc61a194536d,INC-2026-000447,Musa Ibrahim,musa.ibrahim@example.com,Quality,New site,Well Pad,Fire,Low,Day,Overcast with light rain,hydraulic power pack,Coastal Integrity Nigeria Ltd,2025-08-01T09:54:00+00:00,2025-08-01T10:45:00+00:00,pending_verification
b86d4371-1735-4f29-a2bf-88dc2de89af8,INC-2026-000448,Aisha Abdullahi,aisha.abdullahi@example.com,Drilling,Onshore,Tank Farm,Slip/Trip/Fall,Low,Day,Overcast with light rain,access stair tread,,2025-08-15T09:43:00+00:00,2025-08-15T09:59:00+00:00,submitted
f13ad4c4-497a-4e27-97d8-24d176d2073b,INC-2026-000449,Obinna Okeke,obinna.okeke@example.com,Quality,Akwa Ibom site,Materials Yard,Near Miss,High,Day,"Intermittent rain, humid conditions",mobile work platform,,2023-09-29T13:10:00+00:00,2023-09-29T13:55:00+00:00,investigation
c07a9929-c514-41a1-8e5c-6478231f7dff,INC-2026-000450,Musa Ibrahim,musa.ibrahim@example.com,Maintenance,Onshore Gas Processing Plant,Gas Compression Unit,Electrical Hazard,Medium,Afternoon,"Intermittent rain, humid conditions",junction box,,2024-05-14T18:48:00+00:00,2024-05-14T19:42:00+00:00,submitted
d7d25e96-5fbc-433b-adae-693ff11b8b51,INC-2026-000451,Babatunde Ogunleye,babatunde.ogunleye@example.com,Maintenance,Offshore Platform Alpha,Production Deck,Near Miss,Low,Day,Hot and dry with light haze,mobile work platform,Eastern Plant Maintenance Ltd,2026-04-26T08:43:00+00:00,2026-04-26T09:05:00+00:00,pending_verification
44ac1f1c-218f-4151-91c4-d4ac6cfda895,INC-2026-000452,Zainab Yusuf,zainab.yusuf@example.com,Drilling,Qua Iboe Logistics Yard,Vehicle Yard,Near Miss,Low,Day,Heavy shower earlier; wet deck,mobile work platform,,2026-08-22T14:24:00+00:00,2026-08-22T14:47:00+00:00,under_review
3ab44cef-a356-4e9c-a4f4-692ea02c63fe,INC-2026-000453,Temitope Balogun,temitope.balogun@example.com,Drilling,Marine Supply Base,Marine Jetty,Near Miss,High,Night,Heavy shower earlier; wet deck,mobile work platform,Eastern Plant Maintenance Ltd,2025-07-29T06:50:00+00:00,2025-07-29T07:37:00+00:00,closed
eea16a9e-bf4a-4889-9712-c7fc3cd9dddd,INC-2026-000454,Ifunanya Umeh,ifunanya.umeh@example.com,Quality,Eket Drilling Site,Rig Floor,Dropped Object,High,Day,"Warm, humid, rain clearing",tag line hook,,2024-07-02T10:28:00+00:00,2024-07-02T10:44:00+00:00,corrective_action
dca149f7-bc81-4cf4-90c8-1acae8b7c5b2,INC-2026-000455,Chukwuemeka Eze,chukwuemeka.eze@example.com,Maintenance,Offshore Platform Alpha,Production Deck,Oil/Chemical Spillage,Medium,Day,Overcast with light rain,chemical transfer hose,,2024-09-07T14:27:00+00:00,2024-09-07T14:56:00+00:00,corrective_action
ca8c17e8-21ca-4f33-b93e-bded2a0ea0d4,INC-2026-000456,Iniobong Akpan,iniobong.akpan@example.com,Drilling,Akwa Ibom site,Maintenance Workshop,Equipment Failure,Low,Afternoon,"Warm, humid, rain clearing",air compressor,,2026-08-11T15:12:00+00:00,2026-08-11T15:32:00+00:00,corrective_action
ed5ba5b3-0c2c-466d-a29a-3537b005f3e2,INC-2026-000457,Aisha Abdullahi,aisha.abdullahi@example.com,Maintenance,New site,Rig Floor,Slip/Trip/Fall,Low,Afternoon,"Warm, humid, rain clearing",temporary walkway,,2024-05-10T18:08:00+00:00,2024-05-10T18:37:00+00:00,pending_verification
06c9e791-25ef-4a7c-af2f-9893c535798a,INC-2026-000458,Chukwuemeka Eze,chukwuemeka.eze@example.com,HSE,Offshore Platform Alpha,Production Deck,Environmental Release,High,Day,Humid with calm wind,produced-water line,Coastal Integrity Nigeria Ltd,2025-11-25T07:07:00+00:00,2025-11-25T07:23:00+00:00,submitted
0bf7a8fa-69d1-4aa9-80f9-1ac95a23d644,INC-2026-000459,Obinna Okeke,obinna.okeke@example.com,HSE,Onshore Gas Processing Plant,Tank Farm,Oil/Chemical Spillage,Medium,Night,"Intermittent rain, humid conditions",lubricant tote valve,Coastal Integrity Nigeria Ltd,2025-08-04T20:09:00+00:00,2025-08-04T20:25:00+00:00,submitted
91311fde-5af1-40e9-8f54-86add362afc6,INC-2026-000460,Tamuno George,tamuno.george@example.com,Operations,Marine Supply Base,Marine Jetty,Near Miss,Critical,Afternoon,"Cloudy and dry, visibility good",pipe handling tool,Eastern Plant Maintenance Ltd,2024-04-16T15:49:00+00:00,2024-04-16T16:36:00+00:00,submitted
5d3b145c-a90c-4b90-89b8-ca7d97785f9b,INC-2026-000461,Chukwuemeka Eze,chukwuemeka.eze@example.com,Drilling,Eastern Flow Station,Separator Area,Environmental Release,High,Day,"Intermittent rain, humid conditions",waste transfer hose,,2025-06-10T10:50:00+00:00,2025-06-10T11:12:00+00:00,closed
d10a789e-680e-4112-bccc-be3e4fe771f3,INC-2026-000462,Ifunanya Umeh,ifunanya.umeh@example.com,Quality,Qua Iboe Logistics Yard,Marine Jetty,Slip/Trip/Fall,Medium,Day,"Warm, humid, rain clearing",access stair tread,,2026-07-03T13:37:00+00:00,2026-07-03T14:00:00+00:00,pending_verification
136eb743-ff73-49eb-8df1-b7a134bb8e1b,INC-2026-000463,Oluwaseun Adebayo,oluwaseun.adebayo@example.com,Quality,Eket Drilling Site,Mud Plant,Near Miss,High,Day,Heavy shower earlier; wet deck,mobile work platform,,2026-06-23T14:18:00+00:00,2026-06-23T15:02:00+00:00,corrective_action
4b8fd281-bdae-4c88-8e35-2a0712f67227,INC-2026-000464,Chukwuemeka Eze,chukwuemeka.eze@example.com,Operations,Qua Iboe Logistics Yard,Warehouse,Near Miss,High,Day,Humid with calm wind,mobile work platform,,2025-12-29T09:27:00+00:00,2025-12-29T09:48:00+00:00,submitted
224dadaa-9086-4293-81f8-c23714727b1f,INC-2026-000465,Ifunanya Umeh,ifunanya.umeh@example.com,Maintenance,Eket Drilling Site,Rig Floor,Dropped Object,Medium,Day,Heavy shower earlier; wet deck,tag line hook,,2025-05-03T08:23:00+00:00,2025-05-03T08:54:00+00:00,investigation
70e48c4d-70de-451e-91fe-c4127513da85,INC-2026-000466,Adaeze Nwosu,adaeze.nwosu@example.com,Drilling,Offshore Platform Alpha,Drilling Deck,Dropped Object,Low,Day,Heavy shower earlier; wet deck,spanner set,,2026-07-13T13:55:00+00:00,2026-07-13T14:11:00+00:00,submitted
0fbe5503-944e-4e01-a1e7-d1b5c1145189,INC-2026-000467,Musa Ibrahim,musa.ibrahim@example.com,Logistics,Old site,Power House,Near Miss,Medium,Day,Overcast with light rain,mobile work platform,,2026-07-22T09:03:00+00:00,2026-07-22T10:00:00+00:00,investigation
fea314b2-7d73-4f0b-8327-55ef29ce85c1,INC-2026-000468,Folake Oladipo,folake.oladipo@example.com,Drilling,Marine Supply Base,Vehicle Yard,Slip/Trip/Fall,Critical,Afternoon,Heavy shower earlier; wet deck,grating panel,,2024-06-28T15:13:00+00:00,2024-06-28T15:45:00+00:00,submitted
066b11a0-478f-42d2-ae91-d5709507886e,INC-2026-000469,Adeola Adeyemi,adeola.adeyemi@example.com,Quality,Onshore,Tank Farm,Oil/Chemical Spillage,High,Afternoon,"Warm, humid, rain clearing",pump seal assembly,,2024-05-14T16:06:00+00:00,2024-05-14T17:03:00+00:00,closed
c47ac682-dcc7-446f-886f-b53d3bc2fdc2,INC-2026-000470,Chukwuemeka Eze,chukwuemeka.eze@example.com,Operations,Qua Iboe Logistics Yard,Warehouse,PPE Non-Compliance,Low,Day,"Intermittent rain, humid conditions",fall-arrest harness,,2025-08-05T09:15:00+00:00,2025-08-05T10:02:00+00:00,under_review
6bb2418d-a5aa-4ee2-ae81-200cd46c9d65,INC-2026-000471,Chukwuemeka Eze,chukwuemeka.eze@example.com,HSE,Offshore Platform Alpha,Drilling Deck,Dropped Object,Medium,Night,Heavy shower earlier; wet deck,tag line hook,,2024-07-25T20:52:00+00:00,2024-07-25T21:39:00+00:00,under_review
fdf4ef7f-e444-4b94-9866-0f8a8267c2b6,INC-2026-000472,Obinna Okeke,obinna.okeke@example.com,Maintenance,Marine Supply Base,Marine Jetty,Slip/Trip/Fall,High,Day,"Cloudy and dry, visibility good",access stair tread,,2026-04-18T07:24:00+00:00,2026-04-18T08:05:00+00:00,corrective_action
bafb7bc2-a213-4a96-a8c4-6a1bb81e7fe4,INC-2026-000473,Chukwuemeka Eze,chukwuemeka.eze@example.com,Logistics,Marine Supply Base,Marine Jetty,Fire,Low,Afternoon,Hot and dry with light haze,portable generator,,2025-03-22T15:21:00+00:00,2025-03-22T15:43:00+00:00,closed
1373e373-d8a2-43e1-b7ca-32dd38f76f49,INC-2026-000474,Tamuno George,tamuno.george@example.com,Quality,Marine Supply Base,Vehicle Yard,Equipment Failure,High,Day,Hot and dry with light haze,lifting winch,,2024-12-18T09:24:00+00:00,2024-12-18T09:47:00+00:00,investigation
b0b001bf-b470-4534-8a3e-5a22d7f4ecf8,INC-2026-000475,Ifunanya Umeh,ifunanya.umeh@example.com,Logistics,Marine Supply Base,Marine Jetty,Vehicle Incident,Low,Afternoon,"Intermittent rain, humid conditions",light vehicle,,2024-06-01T18:56:00+00:00,2024-06-01T19:29:00+00:00,submitted
af2b9275-a519-4664-8dad-1ddb3f92982c,INC-2026-000476,Bashir Shehu,bashir.shehu@example.com,Logistics,Old site,Power House,Slip/Trip/Fall,Medium,Day,Heavy shower earlier; wet deck,access stair tread,,2026-06-20T10:41:00+00:00,2026-06-20T11:14:00+00:00,corrective_action
a9edb5a5-505b-464f-a678-40cdc862865f,INC-2026-000477,Folake Oladipo,folake.oladipo@example.com,Operations,Eket Drilling Site,Mud Plant,Electrical Hazard,High,Day,"Dry, dusty conditions",motor isolator,,2025-01-23T10:51:00+00:00,2025-01-23T11:12:00+00:00,corrective_action
333c095a-10cf-4758-aa98-626e19dd081e,INC-2026-000478,Adeola Adeyemi,adeola.adeyemi@example.com,Logistics,Offshore Platform Alpha,Production Deck,Environmental Release,Critical,Day,"Warm, humid, rain clearing",drain isolation valve,Eastern Plant Maintenance Ltd,2026-07-31T11:35:00+00:00,2026-07-31T12:05:00+00:00,closed
4f81f42b-7d1e-440d-95bc-aff354878a21,INC-2026-000479,Sani Bello,sani.bello@example.com,Maintenance,Onshore,Control Room,Near Miss,High,Day,"Intermittent rain, humid conditions",pipe handling tool,Eastern Plant Maintenance Ltd,2025-06-13T10:39:00+00:00,2025-06-13T11:23:00+00:00,closed
f1233b8a-aeab-4743-9bbd-0c343d4e63da,INC-2026-000480,Chukwuemeka Eze,chukwuemeka.eze@example.com,HSE,Onshore Gas Processing Plant,Process Train 1,Oil/Chemical Spillage,Low,Afternoon,Humid with calm wind,lubricant tote valve,,2026-02-22T16:06:00+00:00,2026-02-22T16:56:00+00:00,closed
8a7d202f-c010-43d4-b476-3fcf654f7340,INC-2026-000481,Obinna Okeke,obinna.okeke@example.com,Maintenance,Akwa Ibom site,Operations Office,PPE Non-Compliance,High,Day,Overcast with light rain,eye protection,,2025-06-20T14:39:00+00:00,2025-06-20T15:32:00+00:00,closed
8a3f5fa5-7e2b-460c-85f3-f77dc2ff6f5c,INC-2026-000482,Adeola Adeyemi,adeola.adeyemi@example.com,HSE,Onshore Gas Processing Plant,Process Train 1,Near Miss,Low,Afternoon,Heavy shower earlier; wet deck,pressure gauge,,2025-08-01T16:22:00+00:00,2025-08-01T16:58:00+00:00,corrective_action
65aa4d32-615d-46a7-9eda-1c87b0faaecb,INC-2026-000483,Chukwuemeka Eze,chukwuemeka.eze@example.com,Quality,Eket Drilling Site,Well Pad,Near Miss,Medium,Day,"Cloudy and dry, visibility good",pressure gauge,,2024-03-29T07:24:00+00:00,2024-03-29T08:13:00+00:00,investigation
7a697518-221d-4cdb-a8ec-01d531f29731,INC-2026-000484,Temitope Balogun,temitope.balogun@example.com,Drilling,Eastern Flow Station,Pump House,Oil/Chemical Spillage,High,Afternoon,Humid with calm wind,chemical transfer hose,Apex Marine Support Ltd,2024-01-28T18:27:00+00:00,2024-01-28T19:22:00+00:00,corrective_action
b8d14d78-2047-457e-9182-80b778bf7197,INC-2026-000485,Temitope Balogun,temitope.balogun@example.com,Quality,Eket Drilling Site,Rig Floor,Dropped Object,Medium,Day,Overcast with light rain,tag line hook,,2026-07-03T13:50:00+00:00,2026-07-03T14:18:00+00:00,under_review
d9765fa5-3575-4259-a51f-1c1727abfff9,INC-2026-000486,Obinna Okeke,obinna.okeke@example.com,Drilling,Offshore Platform Alpha,Production Deck,Environmental Release,Medium,Day,Heavy shower earlier; wet deck,chemical dosing skid,,2025-09-03T10:00:00+00:00,2025-09-03T10:25:00+00:00,closed
913671c9-bf38-4cb2-8cb4-4c4bb68c3029,INC-2026-000487,Temitope Balogun,temitope.balogun@example.com,Operations,Onshore Gas Processing Plant,Tank Farm,Slip/Trip/Fall,High,Day,Overcast with light rain,access stair tread,,2025-05-20T13:02:00+00:00,2025-05-20T13:44:00+00:00,investigation
4e0cfbc3-e6c4-42b4-a4c0-34ff90a28049,INC-2026-000488,Chinedu Okafor,chinedu.okafor@example.com,Quality,Offshore Platform Alpha,Helideck,Equipment Failure,High,Day,"Warm, humid, rain clearing",process valve actuator,,2026-07-13T10:35:00+00:00,2026-07-13T10:53:00+00:00,investigation
3ab3e6b9-b360-4312-912a-7d59871ac536,INC-2026-000489,Oluwaseun Adebayo,oluwaseun.adebayo@example.com,Maintenance,Akwa Ibom site,Operations Office,Near Miss,Low,Day,Humid with calm wind,pressure gauge,,2025-04-21T08:54:00+00:00,2025-04-21T09:14:00+00:00,submitted
f88ba68b-760f-494d-9543-71aef0764424,INC-2026-000490,Oluwaseun Adebayo,oluwaseun.adebayo@example.com,Logistics,Qua Iboe Logistics Yard,Warehouse,Vehicle Incident,Low,Day,Hot and dry with light haze,light vehicle,,2026-03-16T08:51:00+00:00,2026-03-16T09:49:00+00:00,submitted
461c93f8-0439-46e9-a801-85a8e23ed9b0,INC-2026-000491,Musa Ibrahim,musa.ibrahim@example.com,Operations,Akwa Ibom site,Operations Office,Near Miss,Low,Day,Humid with calm wind,pressure gauge,,2026-02-27T07:12:00+00:00,2026-02-27T07:58:00+00:00,submitted
472acc44-f555-430a-80ba-d4325adfcd70,INC-2026-000492,Zainab Yusuf,zainab.yusuf@example.com,Drilling,Old site,Power House,PPE Non-Compliance,Low,Day,Hot and dry with light haze,fall-arrest harness,,2025-01-10T07:50:00+00:00,2025-01-10T08:27:00+00:00,closed
1e7d75be-649a-41fd-8d5f-3c14d5868f02,INC-2026-000493,Adaeze Nwosu,adaeze.nwosu@example.com,Operations,Eastern Flow Station,Pump House,Oil/Chemical Spillage,Low,Day,"Warm, humid, rain clearing",diesel day tank connection,,2025-10-16T10:54:00+00:00,2025-10-16T11:23:00+00:00,submitted
190a6606-536b-4e9c-b05b-218167205bb5,INC-2026-000494,Babatunde Ogunleye,babatunde.ogunleye@example.com,Maintenance,Eket Drilling Site,Rig Floor,Dropped Object,Medium,Afternoon,Heavy shower earlier; wet deck,portable sensor,,2025-07-27T18:43:00+00:00,2025-07-27T19:02:00+00:00,pending_verification
c6b4fe25-05ba-4e71-bc7f-2b4f81595715,INC-2026-000495,Adaeze Nwosu,adaeze.nwosu@example.com,Maintenance,Eastern Flow Station,Pump House,Environmental Release,High,Day,"Warm, humid, rain clearing",chemical dosing skid,,2026-05-05T13:02:00+00:00,2026-05-05T13:23:00+00:00,investigation
6ec05dc0-2e8f-4996-a596-a92ba58e26dc,INC-2026-000496,Obinna Okeke,obinna.okeke@example.com,Maintenance,Akwa Ibom site,Operations Office,Slip/Trip/Fall,High,Afternoon,Heavy shower earlier; wet deck,access stair tread,,2025-07-17T15:46:00+00:00,2025-07-17T16:18:00+00:00,closed
3d0aa20d-cb44-4c1f-8e0a-1b307a3ae4c9,INC-2026-000497,Tamuno George,tamuno.george@example.com,HSE,Eastern Flow Station,Pump House,Oil/Chemical Spillage,Low,Afternoon,Humid with calm wind,lubricant tote valve,Coastal Integrity Nigeria Ltd,2025-12-16T15:02:00+00:00,2025-12-16T15:31:00+00:00,pending_verification
a4f34917-d26c-4fbd-8343-20196c53cfbf,INC-2026-000498,Folake Oladipo,folake.oladipo@example.com,Quality,Offshore Platform Alpha,Production Deck,Oil/Chemical Spillage,High,Day,Humid with calm wind,lubricant tote valve,,2026-04-21T10:48:00+00:00,2026-04-21T11:33:00+00:00,closed
f9317aae-e15b-4dc9-9335-c52bf397c4db,INC-2026-000499,Folake Oladipo,folake.oladipo@example.com,HSE,Akwa Ibom site,Maintenance Workshop,Fire,High,Afternoon,Overcast with light rain,hydraulic power pack,,2024-07-20T16:04:00+00:00,2024-07-20T16:35:00+00:00,corrective_action
cba541c9-88d1-49ad-8728-071ea8639b9e,INC-2026-000500,Chukwuemeka Eze,chukwuemeka.eze@example.com,HSE,Marine Supply Base,Warehouse,Slip/Trip/Fall,Medium,Day,"Warm, humid, rain clearing",cable ramp,,2024-09-21T13:49:00+00:00,2024-09-21T14:28:00+00:00,corrective_action
3ed2b6aa-303d-48b6-a5a3-8a3119d5c969,INC-2026-000501,Chinedu Okafor,chinedu.okafor@example.com,Operations,Old site,Power House,Slip/Trip/Fall,Low,Day,"Cloudy and dry, visibility good",grating panel,,2026-01-17T13:03:00+00:00,2026-01-17T13:30:00+00:00,pending_verification
581d83de-2402-4040-93db-e797bbfc09a9,INC-2026-000502,Aisha Abdullahi,aisha.abdullahi@example.com,Operations,Eastern Flow Station,Separator Area,Environmental Release,Low,Day,Overcast with light rain,chemical dosing skid,,2026-05-15T13:24:00+00:00,2026-05-15T14:14:00+00:00,investigation
f6db6cd9-1774-40ce-b811-46938fd1b0d3,INC-2026-000503,Obinna Okeke,obinna.okeke@example.com,Quality,Qua Iboe Logistics Yard,Marine Jetty,Vehicle Incident,Low,Day,Heavy shower earlier; wet deck,service truck,,2025-07-13T08:56:00+00:00,2025-07-13T09:25:00+00:00,submitted
a76513fe-c6ec-4bda-a363-ef3cf7d99ffd,INC-2026-000504,Sani Bello,sani.bello@example.com,HSE,Eket Drilling Site,Rig Floor,Near Miss,High,Day,Hot and dry with light haze,mobile work platform,,2025-03-23T14:26:00+00:00,2025-03-23T14:47:00+00:00,investigation
fba784eb-3da4-40fc-aadb-ab5a9064e407,INC-2026-000505,Chukwuemeka Eze,chukwuemeka.eze@example.com,Maintenance,Offshore Platform Alpha,Production Deck,Oil/Chemical Spillage,Medium,Day,"Intermittent rain, humid conditions",diesel day tank connection,Coastal Integrity Nigeria Ltd,2024-09-06T08:11:00+00:00,2024-09-06T08:48:00+00:00,closed
62526042-5fae-4be0-86c8-ebe42e3c8ab1,INC-2026-000506,Chinedu Okafor,chinedu.okafor@example.com,Operations,Eastern Flow Station,Pump House,Electrical Hazard,Low,Day,Humid with calm wind,motor isolator,,2026-03-25T10:01:00+00:00,2026-03-25T10:54:00+00:00,pending_verification
1c8e1b4b-66d9-41df-afb7-23221e887deb,INC-2026-000507,Musa Ibrahim,musa.ibrahim@example.com,Operations,Qua Iboe Logistics Yard,Marine Jetty,PPE Non-Compliance,Low,Day,Hot and dry with light haze,fall-arrest harness,,2026-04-15T14:10:00+00:00,2026-04-15T14:49:00+00:00,submitted
e8ed65f1-b28c-43d0-a76b-8e5eaa97433c,INC-2026-000508,Musa Ibrahim,musa.ibrahim@example.com,Quality,Onshore Gas Processing Plant,Tank Farm,Oil/Chemical Spillage,Low,Day,Heavy shower earlier; wet deck,lubricant tote valve,Eastern Plant Maintenance Ltd,2024-08-03T07:52:00+00:00,2024-08-03T08:28:00+00:00,under_review
995277a4-7c32-4b5d-bc60-9fece4ed9628,INC-2026-000509,Adaeze Nwosu,adaeze.nwosu@example.com,Drilling,Marine Supply Base,Warehouse,Near Miss,Critical,Day,"Warm, humid, rain clearing",mobile work platform,Niger Delta Well Services Ltd,2025-05-16T11:08:00+00:00,2025-05-16T11:42:00+00:00,under_review
83ae543c-a9f4-4e8d-b394-0fe67398fdf9,INC-2026-000510,Eno Etim,eno.etim@example.com,Operations,Eket Drilling Site,Rig Floor,Dropped Object,Low,Night,"Cloudy and dry, visibility good",portable sensor,,2026-04-16T06:31:00+00:00,2026-04-16T07:25:00+00:00,investigation
d5f3ad7c-e2ab-4705-b0df-0b995feba4a4,INC-2026-000511,Zainab Yusuf,zainab.yusuf@example.com,Maintenance,Onshore,Process Train,PPE Non-Compliance,Low,Night,Overcast with light rain,eye protection,Eastern Plant Maintenance Ltd,2025-09-26T20:01:00+00:00,2025-09-26T20:19:00+00:00,corrective_action
cde5e80f-0fd0-4cb1-8837-313620c5edbe,INC-2026-000512,Bashir Shehu,bashir.shehu@example.com,Quality,Eastern Flow Station,Pump House,Fire,Medium,Day,Humid with calm wind,hydraulic power pack,,2025-02-09T09:07:00+00:00,2025-02-09T09:28:00+00:00,closed
f0363463-26d8-4e80-8603-e95744138201,INC-2026-000513,Chukwuemeka Eze,chukwuemeka.eze@example.com,Maintenance,Qua Iboe Logistics Yard,Marine Jetty,Fire,Medium,Day,"Dry, dusty conditions",portable generator,Niger Delta Well Services Ltd,2024-02-21T09:09:00+00:00,2024-02-21T09:42:00+00:00,under_review
ed99bd0c-7e1e-4b45-9831-7dd79f7312a5,INC-2026-000514,Ifunanya Umeh,ifunanya.umeh@example.com,Logistics,Eastern Flow Station,Pump House,Near Miss,Medium,Day,Heavy shower earlier; wet deck,pipe handling tool,,2025-07-10T13:19:00+00:00,2025-07-10T13:34:00+00:00,under_review
1015195a-a282-41b7-855f-fdd9221b0ce6,INC-2026-000515,Adaeze Nwosu,adaeze.nwosu@example.com,Logistics,Eastern Flow Station,Pump House,Oil/Chemical Spillage,Low,Night,"Cloudy and dry, visibility good",chemical transfer hose,,2025-02-23T20:43:00+00:00,2025-02-23T21:15:00+00:00,closed
cc9302bc-338d-4a4e-8612-8c659805238c,INC-2026-000516,Temitope Balogun,temitope.balogun@example.com,Maintenance,Eastern Flow Station,Separator Area,Near Miss,High,Day,Heavy shower earlier; wet deck,pressure gauge,,2025-08-22T13:50:00+00:00,2025-08-22T14:41:00+00:00,investigation
75f248ea-9334-4ea5-ad84-dde3cd16e065,INC-2026-000517,Sani Bello,sani.bello@example.com,Quality,Offshore Platform Alpha,Helideck,PPE Non-Compliance,Medium,Night,"Intermittent rain, humid conditions",fall-arrest harness,,2025-06-12T06:09:00+00:00,2025-06-12T06:57:00+00:00,corrective_action
5dca6cac-daff-46e0-9526-713102e78d44,INC-2026-000518,Chukwuemeka Eze,chukwuemeka.eze@example.com,Logistics,Onshore Gas Processing Plant,Process Train 1,Electrical Hazard,Critical,Day,"Intermittent rain, humid conditions",portable lighting circuit,Eastern Plant Maintenance Ltd,2025-07-12T11:26:00+00:00,2025-07-12T11:57:00+00:00,pending_verification
2ffcc5b4-4595-43bf-a420-11eb7ef258f9,INC-2026-000519,Chinedu Okafor,chinedu.okafor@example.com,Drilling,Eket Drilling Site,Mud Plant,Electrical Hazard,Medium,Day,"Dry, dusty conditions",motor isolator,,2025-02-23T13:19:00+00:00,2025-02-23T13:47:00+00:00,investigation
6caee4f6-017e-4b56-8747-68152438a2b4,INC-2026-000520,Folake Oladipo,folake.oladipo@example.com,Logistics,Onshore Gas Processing Plant,Process Train 1,Near Miss,Medium,Day,"Warm, humid, rain clearing",lifting sling,Apex Marine Support Ltd,2025-07-26T09:40:00+00:00,2025-07-26T10:31:00+00:00,investigation
d47b71b9-5f0b-4e77-90ce-be683f6275c5,INC-2026-000521,Musa Ibrahim,musa.ibrahim@example.com,Operations,Onshore,Process Train,Oil/Chemical Spillage,Low,Day,Humid with calm wind,lubricant tote valve,,2025-11-03T11:03:00+00:00,2025-11-03T11:40:00+00:00,corrective_action
d4da07e2-033f-4081-a306-d901c9e00f26,INC-2026-000522,Eno Etim,eno.etim@example.com,Drilling,Old site,Legacy Process Unit,Slip/Trip/Fall,High,Night,"Cloudy and dry, visibility good",temporary walkway,,2026-04-25T20:38:00+00:00,2026-04-25T21:10:00+00:00,investigation
70f15f6c-b69c-4b81-a051-75f43fafcebf,INC-2026-000523,Folake Oladipo,folake.oladipo@example.com,Maintenance,Offshore Platform Alpha,Drilling Deck,Slip/Trip/Fall,Medium,Afternoon,Overcast with light rain,temporary walkway,,2025-09-17T15:28:00+00:00,2025-09-17T16:25:00+00:00,corrective_action
0a040b4e-1cfa-49cf-9103-38807aedd7be,INC-2026-000524,Ifunanya Umeh,ifunanya.umeh@example.com,HSE,Offshore Platform Alpha,Drilling Deck,PPE Non-Compliance,Medium,Afternoon,Heavy shower earlier; wet deck,chemical gloves,Niger Delta Well Services Ltd,2024-08-18T15:30:00+00:00,2024-08-18T15:49:00+00:00,submitted
f1b209ce-9391-4099-8450-5151888e9c24,INC-2026-000525,Musa Ibrahim,musa.ibrahim@example.com,Logistics,Eket Drilling Site,Well Pad,Slip/Trip/Fall,High,Afternoon,"Cloudy and dry, visibility good",cable ramp,Apex Marine Support Ltd,2024-04-19T15:41:00+00:00,2024-04-19T16:00:00+00:00,submitted
8c4c8c2f-21c2-4bc1-9c2a-08181f90a02b,INC-2026-000526,Sani Bello,sani.bello@example.com,Operations,Qua Iboe Logistics Yard,Warehouse,Vehicle Incident,High,Day,Overcast with light rain,service truck,Coastal Integrity Nigeria Ltd,2024-06-02T13:36:00+00:00,2024-06-02T14:08:00+00:00,pending_verification
82d8bb92-b216-4ec5-8b56-ab0393669bea,INC-2026-000527,Chinedu Okafor,chinedu.okafor@example.com,Operations,Marine Supply Base,Vehicle Yard,PPE Non-Compliance,Medium,Night,"Intermittent rain, humid conditions",chemical gloves,,2026-07-16T06:19:00+00:00,2026-07-16T07:16:00+00:00,pending_verification
955c025f-0a38-4f25-b71c-ff4d533ec633,INC-2026-000528,Aisha Abdullahi,aisha.abdullahi@example.com,Logistics,Onshore Gas Processing Plant,Process Train 1,Vehicle Incident,Low,Afternoon,Heavy shower earlier; wet deck,light vehicle,Eastern Plant Maintenance Ltd,2026-06-17T18:37:00+00:00,2026-06-17T19:34:00+00:00,corrective_action
abed1444-6af8-4052-846a-ba7bf290d503,INC-2026-000529,Chinedu Okafor,chinedu.okafor@example.com,Drilling,Offshore Platform Alpha,Production Deck,Slip/Trip/Fall,High,Day,Heavy shower earlier; wet deck,temporary walkway,,2025-06-06T10:37:00+00:00,2025-06-06T10:59:00+00:00,corrective_action
945bd487-8115-49c2-b87d-7f561bbfff8b,INC-2026-000530,Babatunde Ogunleye,babatunde.ogunleye@example.com,Maintenance,Eket Drilling Site,Rig Floor,Near Miss,High,Afternoon,"Warm, humid, rain clearing",lifting sling,,2024-05-02T16:12:00+00:00,2024-05-02T17:09:00+00:00,closed
8bcb707a-0cbd-4bde-90c0-36a3a24243e5,INC-2026-000531,Oluwaseun Adebayo,oluwaseun.adebayo@example.com,Drilling,Offshore Platform Alpha,Production Deck,Oil/Chemical Spillage,Medium,Day,Overcast with light rain,lubricant tote valve,,2025-08-05T07:18:00+00:00,2025-08-05T07:52:00+00:00,corrective_action
ce60d987-f948-4405-a8e1-a4a06aa85ba7,INC-2026-000532,Obinna Okeke,obinna.okeke@example.com,Quality,Eastern Flow Station,Pump House,Slip/Trip/Fall,Low,Night,Heavy shower earlier; wet deck,cable ramp,,2026-07-29T06:05:00+00:00,2026-07-29T06:47:00+00:00,submitted
3f98dff7-2a69-4ee5-9035-3e6fd7236dda,INC-2026-000533,Folake Oladipo,folake.oladipo@example.com,Logistics,Offshore Platform Alpha,Production Deck,Near Miss,High,Day,"Intermittent rain, humid conditions",mobile work platform,,2024-06-06T14:54:00+00:00,2024-06-06T15:28:00+00:00,submitted
049b34fd-ad38-4a42-b994-85e494b464c5,INC-2026-000534,Sani Bello,sani.bello@example.com,Maintenance,Eastern Flow Station,Pump House,Slip/Trip/Fall,Low,Day,"Intermittent rain, humid conditions",access stair tread,Apex Marine Support Ltd,2026-07-08T09:28:00+00:00,2026-07-08T10:00:00+00:00,corrective_action
d01e7f6b-0be3-451b-8d11-5024adba8114,INC-2026-000535,Musa Ibrahim,musa.ibrahim@example.com,Quality,Onshore Gas Processing Plant,Gas Compression Unit,Fire,Low,Afternoon,Heavy shower earlier; wet deck,electrical distribution board,,2023-09-30T15:08:00+00:00,2023-09-30T16:06:00+00:00,corrective_action
705b2360-f286-491e-8e68-b8478fe4f82e,INC-2026-000536,Sani Bello,sani.bello@example.com,Logistics,Akwa Ibom site,Maintenance Workshop,Near Miss,Medium,Day,"Warm, humid, rain clearing",pipe handling tool,,2026-06-03T13:35:00+00:00,2026-06-03T14:14:00+00:00,corrective_action
f5eb3b8e-5f77-472b-a30a-67f80c52236b,INC-2026-000537,Aisha Abdullahi,aisha.abdullahi@example.com,Operations,Offshore Platform Alpha,Production Deck,Near Miss,Medium,Day,"Intermittent rain, humid conditions",pipe handling tool,,2026-06-01T11:50:00+00:00,2026-06-01T12:29:00+00:00,under_review
658cf4bc-33a9-4bcc-a4e6-63ecd69014be,INC-2026-000538,Babatunde Ogunleye,babatunde.ogunleye@example.com,Maintenance,Akwa Ibom site,Materials Yard,Near Miss,High,Day,Heavy shower earlier; wet deck,lifting sling,Niger Delta Well Services Ltd,2023-10-05T09:04:00+00:00,2023-10-05T09:20:00+00:00,submitted
bafaead4-4ba2-437b-a873-ac0beb760898,INC-2026-000539,Zainab Yusuf,zainab.yusuf@example.com,Operations,Onshore,Control Room,Vehicle Incident,Low,Day,Overcast with light rain,service truck,,2025-05-21T09:12:00+00:00,2025-05-21T10:08:00+00:00,submitted
a3b305f9-8683-4848-8db3-8b38f93b3708,INC-2026-000540,Chukwuemeka Eze,chukwuemeka.eze@example.com,Operations,Offshore Platform Alpha,Production Deck,Oil/Chemical Spillage,Critical,Day,Heavy shower earlier; wet deck,lubricant tote valve,,2024-08-21T11:33:00+00:00,2024-08-21T11:58:00+00:00,closed
97193ce3-3728-45b4-a673-517bcde3f7f2,INC-2026-000541,Temitope Balogun,temitope.balogun@example.com,Maintenance,Offshore Platform Alpha,Production Deck,Electrical Hazard,Critical,Day,Heavy shower earlier; wet deck,portable lighting circuit,,2024-06-22T09:45:00+00:00,2024-06-22T10:21:00+00:00,closed
aac83280-d65a-4e4f-bdda-5f147f3976ef,INC-2026-000542,Obinna Okeke,obinna.okeke@example.com,HSE,Onshore Gas Processing Plant,Process Train 1,Near Miss,Low,Day,Overcast with light rain,lifting sling,Niger Delta Well Services Ltd,2025-06-23T07:49:00+00:00,2025-06-23T08:12:00+00:00,under_review
f251886c-55b1-45b8-a66c-c4584f945039,INC-2026-000543,Adaeze Nwosu,adaeze.nwosu@example.com,Logistics,Offshore Platform Alpha,Drilling Deck,Equipment Failure,Low,Day,Hot and dry with light haze,process valve actuator,,2024-04-17T09:16:00+00:00,2024-04-17T10:09:00+00:00,under_review
c7fbdb83-b47f-457f-a599-a0b282eed7f8,INC-2026-000544,Musa Ibrahim,musa.ibrahim@example.com,Logistics,New site,Site Camp,Equipment Failure,Low,Day,"Cloudy and dry, visibility good",process valve actuator,Apex Marine Support Ltd,2026-03-27T09:34:00+00:00,2026-03-27T10:11:00+00:00,investigation
6df468ba-5803-4e2e-88d1-6cfeebca1660,INC-2026-000545,Obinna Okeke,obinna.okeke@example.com,Drilling,Old site,Legacy Process Unit,Slip/Trip/Fall,High,Day,"Intermittent rain, humid conditions",cable ramp,,2026-05-25T09:37:00+00:00,2026-05-25T10:26:00+00:00,corrective_action
dd66886d-9ec5-44e4-89e4-a4a1642100cf,INC-2026-000546,Adaeze Nwosu,adaeze.nwosu@example.com,Operations,New site,Well Pad,Near Miss,Medium,Day,Heavy shower earlier; wet deck,pipe handling tool,,2024-05-11T08:29:00+00:00,2024-05-11T09:15:00+00:00,corrective_action
006dcf40-73a3-4d1c-b6cd-17b7ace9e195,INC-2026-000547,Temitope Balogun,temitope.balogun@example.com,Operations,Offshore Platform Alpha,Drilling Deck,Dropped Object,Low,Day,"Intermittent rain, humid conditions",portable sensor,Coastal Integrity Nigeria Ltd,2024-08-12T10:01:00+00:00,2024-08-12T10:40:00+00:00,under_review
16ae5ce7-f259-4aca-a51b-47219bb79d16,INC-2026-000548,Chukwuemeka Eze,chukwuemeka.eze@example.com,Quality,Onshore,Process Train,Oil/Chemical Spillage,Low,Day,Humid with calm wind,chemical transfer hose,,2025-03-09T11:33:00+00:00,2025-03-09T11:50:00+00:00,submitted
bf02679b-489d-4f78-981f-0f8858f0368b,INC-2026-000549,Sani Bello,sani.bello@example.com,HSE,Onshore,Tank Farm,Environmental Release,Medium,Day,"Intermittent rain, humid conditions",drain isolation valve,,2025-09-18T11:28:00+00:00,2025-09-18T12:17:00+00:00,closed
86e5d392-a4bd-4f58-a7c9-fb0d8f1f4ea5,INC-2026-000550,Oluwaseun Adebayo,oluwaseun.adebayo@example.com,HSE,Offshore Platform Alpha,Production Deck,Environmental Release,Low,Afternoon,Humid with calm wind,waste transfer hose,Coastal Integrity Nigeria Ltd,2025-04-01T18:07:00+00:00,2025-04-01T18:28:00+00:00,corrective_action
1ff58d2a-e5aa-443b-a75d-556aeccde0eb,INC-2026-000551,Temitope Balogun,temitope.balogun@example.com,Drilling,Onshore,Tank Farm,Oil/Chemical Spillage,Low,Day,"Dry, dusty conditions",chemical transfer hose,,2025-04-30T09:53:00+00:00,2025-04-30T10:52:00+00:00,under_review
7375ff03-7bb9-45ac-82bd-a7897ee05f95,INC-2026-000552,Adeola Adeyemi,adeola.adeyemi@example.com,Operations,Akwa Ibom site,Maintenance Workshop,Equipment Failure,Low,Day,"Intermittent rain, humid conditions",air compressor,Eastern Plant Maintenance Ltd,2025-07-16T07:39:00+00:00,2025-07-16T08:07:00+00:00,corrective_action
f25fba7e-5639-4dd3-8fc9-4768ed47ced1,INC-2026-000553,Chinedu Okafor,chinedu.okafor@example.com,HSE,Onshore Gas Processing Plant,Gas Compression Unit,Near Miss,Medium,Afternoon,"Warm, humid, rain clearing",pressure gauge,Niger Delta Well Services Ltd,2025-07-08T16:42:00+00:00,2025-07-08T17:29:00+00:00,closed
4982eb12-b826-4e1f-907a-ff5ad4c42d21,INC-2026-000554,Chukwuemeka Eze,chukwuemeka.eze@example.com,Maintenance,Akwa Ibom site,Materials Yard,Slip/Trip/Fall,Medium,Afternoon,Heavy shower earlier; wet deck,grating panel,,2025-10-17T18:52:00+00:00,2025-10-17T19:10:00+00:00,submitted
e34e26da-7253-4070-8f0f-7ec938ec7536,INC-2026-000555,Oluwaseun Adebayo,oluwaseun.adebayo@example.com,Operations,Old site,Legacy Process Unit,Equipment Failure,Critical,Afternoon,"Intermittent rain, humid conditions",lifting winch,Apex Marine Support Ltd,2024-06-08T18:29:00+00:00,2024-06-08T19:22:00+00:00,closed
3494c017-b921-4764-b85d-2e1f347f5aae,INC-2026-000556,Zainab Yusuf,zainab.yusuf@example.com,Maintenance,Qua Iboe Logistics Yard,Vehicle Yard,PPE Non-Compliance,Medium,Day,Heavy shower earlier; wet deck,respiratory protection set,Niger Delta Well Services Ltd,2024-09-29T07:48:00+00:00,2024-09-29T08:43:00+00:00,investigation
5180596d-9929-43c1-994e-a4cf1421285d,INC-2026-000557,Oluwaseun Adebayo,oluwaseun.adebayo@example.com,Operations,Eket Drilling Site,Mud Plant,PPE Non-Compliance,Low,Night,"Dry, dusty conditions",respiratory protection set,,2025-03-31T20:50:00+00:00,2025-03-31T21:16:00+00:00,submitted
21d1305b-a91e-4d84-aae4-c44e1cfa4981,INC-2026-000558,Babatunde Ogunleye,babatunde.ogunleye@example.com,HSE,Old site,Legacy Process Unit,PPE Non-Compliance,Critical,Day,Humid with calm wind,eye protection,,2025-01-12T11:05:00+00:00,2025-01-12T11:48:00+00:00,submitted
42d9db78-683d-4db1-bd58-0dd7648be68a,INC-2026-000559,Obinna Okeke,obinna.okeke@example.com,HSE,Akwa Ibom site,Materials Yard,Slip/Trip/Fall,High,Afternoon,"Dry, dusty conditions",temporary walkway,,2025-02-08T16:21:00+00:00,2025-02-08T16:49:00+00:00,corrective_action
793417f3-db76-4e4c-a3fe-0d9e0e8a0323,INC-2026-000560,Ifunanya Umeh,ifunanya.umeh@example.com,Drilling,Onshore Gas Processing Plant,Process Train 1,Oil/Chemical Spillage,Low,Day,Overcast with light rain,chemical transfer hose,,2026-06-30T08:06:00+00:00,2026-06-30T08:32:00+00:00,submitted
c6eecc25-ebc9-45ec-a969-4378d1894f97,INC-2026-000561,Aisha Abdullahi,aisha.abdullahi@example.com,Logistics,Onshore,Control Room,Near Miss,Medium,Day,Heavy shower earlier; wet deck,pipe handling tool,,2025-07-20T11:41:00+00:00,2025-07-20T12:13:00+00:00,submitted
d713e904-2a1a-4ba9-838e-c035db68ba1a,INC-2026-000562,Ebiere Preye,ebiere.preye@example.com,Quality,Marine Supply Base,Warehouse,Vehicle Incident,High,Afternoon,"Dry, dusty conditions",service truck,,2025-04-02T18:04:00+00:00,2025-04-02T18:50:00+00:00,submitted
a8949c99-d979-4013-b28a-111cef5298f7,INC-2026-000563,Aisha Abdullahi,aisha.abdullahi@example.com,Operations,Marine Supply Base,Vehicle Yard,Vehicle Incident,Low,Afternoon,"Dry, dusty conditions",light vehicle,,2025-12-25T16:16:00+00:00,2025-12-25T17:13:00+00:00,submitted
b2c46802-7f8f-47af-95e7-8bd13faba66a,INC-2026-000564,Chukwuemeka Eze,chukwuemeka.eze@example.com,Logistics,Onshore Gas Processing Plant,Process Train 1,Environmental Release,Medium,Day,"Cloudy and dry, visibility good",drain isolation valve,,2025-03-21T08:27:00+00:00,2025-03-21T08:52:00+00:00,pending_verification
c3d2db31-f934-4ef8-a2cb-fe81f8f9790d,INC-2026-000565,Chukwuemeka Eze,chukwuemeka.eze@example.com,Drilling,Offshore Platform Alpha,Production Deck,Oil/Chemical Spillage,Low,Afternoon,"Dry, dusty conditions",diesel day tank connection,,2024-03-27T18:25:00+00:00,2024-03-27T19:12:00+00:00,corrective_action
54407848-6945-4132-bbe7-bfdb4bdec302,INC-2026-000566,Folake Oladipo,folake.oladipo@example.com,HSE,Old site,Assembly Point,Slip/Trip/Fall,Low,Afternoon,Hot and dry with light haze,access stair tread,Apex Marine Support Ltd,2023-12-28T15:41:00+00:00,2023-12-28T16:16:00+00:00,corrective_action
2214d72f-024f-456f-bf48-2bdbf4747ad3,INC-2026-000567,Ifunanya Umeh,ifunanya.umeh@example.com,Logistics,Eket Drilling Site,Mud Plant,Fire,Critical,Afternoon,Overcast with light rain,portable generator,,2025-09-02T16:10:00+00:00,2025-09-02T16:34:00+00:00,under_review
c6891ecd-90b6-4183-8770-e45a869f30c1,INC-2026-000568,Tamuno George,tamuno.george@example.com,Quality,Qua Iboe Logistics Yard,Marine Jetty,Electrical Hazard,Medium,Day,"Warm, humid, rain clearing",motor isolator,Niger Delta Well Services Ltd,2026-06-15T14:26:00+00:00,2026-06-15T14:55:00+00:00,submitted
ed60de4c-274e-4226-a2dc-9c125611c7ca,INC-2026-000569,Musa Ibrahim,musa.ibrahim@example.com,Logistics,Eket Drilling Site,Rig Floor,Dropped Object,Low,Day,"Dry, dusty conditions",small-bore fitting,Eastern Plant Maintenance Ltd,2023-12-06T08:51:00+00:00,2023-12-06T09:10:00+00:00,investigation
defb1f2f-3ca5-4f63-bb87-25392624052e,INC-2026-000570,Iniobong Akpan,iniobong.akpan@example.com,HSE,Qua Iboe Logistics Yard,Warehouse,Slip/Trip/Fall,High,Day,"Intermittent rain, humid conditions",access stair tread,Eastern Plant Maintenance Ltd,2024-10-16T11:01:00+00:00,2024-10-16T11:39:00+00:00,pending_verification
2df8e4c2-f7d3-4ed5-8fec-493eebecf7da,INC-2026-000571,Oluwaseun Adebayo,oluwaseun.adebayo@example.com,Maintenance,Qua Iboe Logistics Yard,Warehouse,PPE Non-Compliance,High,Day,Heavy shower earlier; wet deck,eye protection,Apex Marine Support Ltd,2025-09-21T11:27:00+00:00,2025-09-21T12:01:00+00:00,corrective_action
16fba7be-10db-4ba2-ac83-acd2c92a02d9,INC-2026-000572,Favour Briggs,favour.briggs@example.com,HSE,Eket Drilling Site,Rig Floor,Dropped Object,High,Day,Humid with calm wind,tag line hook,,2025-01-24T07:11:00+00:00,2025-01-24T07:28:00+00:00,corrective_action
425dff41-4e4b-4dc7-9f1d-ad2805029a1b,INC-2026-000573,Chukwuemeka Eze,chukwuemeka.eze@example.com,Logistics,Eastern Flow Station,Separator Area,Slip/Trip/Fall,Medium,Day,"Cloudy and dry, visibility good",temporary walkway,,2024-12-30T07:28:00+00:00,2024-12-30T07:57:00+00:00,submitted
b1e4672a-6f58-47ab-aec6-18a4cbbbd188,INC-2026-000574,Chinedu Okafor,chinedu.okafor@example.com,Quality,New site,Rig Floor,Near Miss,Critical,Day,Heavy shower earlier; wet deck,lifting sling,,2025-07-02T08:41:00+00:00,2025-07-02T09:23:00+00:00,corrective_action
b0361177-127b-4dc2-acdc-f98287a7c14b,INC-2026-000575,Obinna Okeke,obinna.okeke@example.com,Maintenance,Onshore,Process Train,Equipment Failure,Low,Day,Overcast with light rain,process valve actuator,,2024-06-04T08:15:00+00:00,2024-06-04T08:41:00+00:00,pending_verification
c8a2b8ee-bad6-45b0-ab76-c4b85211ff68,INC-2026-000576,Eno Etim,eno.etim@example.com,Operations,New site,Site Camp,Equipment Failure,Low,Afternoon,Overcast with light rain,air compressor,,2024-10-31T16:26:00+00:00,2024-10-31T16:50:00+00:00,corrective_action
18355ea0-8a95-4fcf-8213-5f5706f90cfc,INC-2026-000577,Chukwuemeka Eze,chukwuemeka.eze@example.com,Operations,Akwa Ibom site,Operations Office,Near Miss,Low,Day,"Intermittent rain, humid conditions",pressure gauge,,2024-08-09T07:24:00+00:00,2024-08-09T07:51:00+00:00,submitted
f774c962-ec7c-4ff5-8ea5-95e4557ea239,INC-2026-000578,Ifunanya Umeh,ifunanya.umeh@example.com,Quality,Marine Supply Base,Vehicle Yard,Vehicle Incident,Medium,Day,"Intermittent rain, humid conditions",service truck,Apex Marine Support Ltd,2026-06-26T13:28:00+00:00,2026-06-26T14:23:00+00:00,submitted
a4cd4258-628d-4b2c-876e-e0d52a374c8e,INC-2026-000579,Zainab Yusuf,zainab.yusuf@example.com,Operations,Offshore Platform Alpha,Helideck,Slip/Trip/Fall,Low,Day,"Dry, dusty conditions",temporary walkway,,2024-03-03T14:08:00+00:00,2024-03-03T14:59:00+00:00,investigation
f8a4c337-e1f2-451c-a04f-3d7c5f6fbff3,INC-2026-000580,Obinna Okeke,obinna.okeke@example.com,Maintenance,Marine Supply Base,Warehouse,Electrical Hazard,Low,Night,Humid with calm wind,junction box,Eastern Plant Maintenance Ltd,2025-02-25T06:01:00+00:00,2025-02-25T06:46:00+00:00,corrective_action
7e782c29-8504-411e-80cf-66030836b827,INC-2026-000581,Chinedu Okafor,chinedu.okafor@example.com,Operations,Eket Drilling Site,Rig Floor,Dropped Object,Low,Day,"Warm, humid, rain clearing",tag line hook,Niger Delta Well Services Ltd,2025-08-21T14:47:00+00:00,2025-08-21T15:44:00+00:00,investigation
7f175afd-950e-46fd-9252-0161ba65495b,INC-2026-000582,Oluwaseun Adebayo,oluwaseun.adebayo@example.com,Drilling,Onshore,Control Room,PPE Non-Compliance,High,Day,Hot and dry with light haze,respiratory protection set,,2026-01-21T13:33:00+00:00,2026-01-21T13:54:00+00:00,submitted
50136c45-f487-423c-9001-1880b06be024,INC-2026-000583,Ebiere Preye,ebiere.preye@example.com,Drilling,New site,Site Camp,Slip/Trip/Fall,Low,Afternoon,Hot and dry with light haze,temporary walkway,,2026-01-19T15:44:00+00:00,2026-01-19T15:59:00+00:00,submitted
5293b743-32dc-44d0-82b2-2496e0ea9a1c,INC-2026-000584,Adaeze Nwosu,adaeze.nwosu@example.com,Maintenance,Eket Drilling Site,Mud Plant,Electrical Hazard,Medium,Day,"Intermittent rain, humid conditions",junction box,,2023-10-18T08:26:00+00:00,2023-10-18T09:17:00+00:00,corrective_action
4d12532c-329c-4619-9fa1-c976052600e6,INC-2026-000585,Oluwaseun Adebayo,oluwaseun.adebayo@example.com,Operations,Akwa Ibom site,Maintenance Workshop,PPE Non-Compliance,Critical,Day,"Intermittent rain, humid conditions",eye protection,Coastal Integrity Nigeria Ltd,2026-06-07T09:30:00+00:00,2026-06-07T10:27:00+00:00,under_review
f0619f0f-1425-4448-ae34-04af77a3772f,INC-2026-000586,Musa Ibrahim,musa.ibrahim@example.com,Maintenance,Akwa Ibom site,Maintenance Workshop,Fire,Low,Afternoon,Hot and dry with light haze,hot-work area,,2025-03-07T15:18:00+00:00,2025-03-07T16:12:00+00:00,investigation
7ea69789-de61-445c-be19-94c05484b029,INC-2026-000587,Adaeze Nwosu,adaeze.nwosu@example.com,HSE,Marine Supply Base,Warehouse,PPE Non-Compliance,Medium,Day,Humid with calm wind,chemical gloves,,2025-03-20T13:51:00+00:00,2025-03-20T14:17:00+00:00,pending_verification
06e3477e-2e1c-4b89-8d6f-0f2ae432c3a4,INC-2026-000588,Chukwuemeka Eze,chukwuemeka.eze@example.com,Logistics,Marine Supply Base,Warehouse,Near Miss,Low,Day,Heavy shower earlier; wet deck,lifting sling,,2024-07-09T10:54:00+00:00,2024-07-09T11:16:00+00:00,investigation
e4ac1189-67b1-491c-a306-c00ab719a196,INC-2026-000589,Ifunanya Umeh,ifunanya.umeh@example.com,Quality,Marine Supply Base,Warehouse,Near Miss,Medium,Day,"Intermittent rain, humid conditions",pipe handling tool,Niger Delta Well Services Ltd,2026-05-27T07:47:00+00:00,2026-05-27T08:32:00+00:00,corrective_action
0d647cc3-39ca-4514-a6b7-9cdc1c104738,INC-2026-000590,Adeola Adeyemi,adeola.adeyemi@example.com,Quality,Eastern Flow Station,Pump House,Equipment Failure,Medium,Afternoon,Heavy shower earlier; wet deck,air compressor,,2025-06-08T16:16:00+00:00,2025-06-08T16:53:00+00:00,pending_verification
ccc2f3de-e4ae-4431-b95d-68ae569407fd,INC-2026-000591,Tamuno George,tamuno.george@example.com,HSE,Eastern Flow Station,Pump House,Near Miss,Medium,Afternoon,"Warm, humid, rain clearing",lifting sling,,2024-08-31T18:44:00+00:00,2024-08-31T19:38:00+00:00,corrective_action
d321e1ba-0d79-4127-a32f-b4fa3d5bf4bd,INC-2026-000592,Oluwaseun Adebayo,oluwaseun.adebayo@example.com,Operations,Onshore Gas Processing Plant,Process Train 1,Near Miss,Low,Day,Hot and dry with light haze,pipe handling tool,,2023-11-04T09:35:00+00:00,2023-11-04T10:32:00+00:00,pending_verification
5cba4b46-cb38-4079-baa0-b1efb22aa928,INC-2026-000593,Chinedu Okafor,chinedu.okafor@example.com,Maintenance,Eket Drilling Site,Well Pad,Slip/Trip/Fall,High,Day,"Intermittent rain, humid conditions",grating panel,Eastern Plant Maintenance Ltd,2025-05-25T07:48:00+00:00,2025-05-25T08:38:00+00:00,investigation
60c1d39f-1024-487d-a948-a9e930413dfe,INC-2026-000594,Adaeze Nwosu,adaeze.nwosu@example.com,HSE,Eket Drilling Site,Well Pad,Slip/Trip/Fall,Low,Day,Humid with calm wind,temporary walkway,,2026-03-06T09:07:00+00:00,2026-03-06T10:06:00+00:00,investigation
e1b72730-3556-4ba7-bec3-558235a9ec41,INC-2026-000595,Adaeze Nwosu,adaeze.nwosu@example.com,Maintenance,New site,Rig Floor,Slip/Trip/Fall,Low,Afternoon,"Cloudy and dry, visibility good",cable ramp,,2024-11-27T18:01:00+00:00,2024-11-27T18:55:00+00:00,corrective_action
e1adafc8-b2eb-44d4-98bb-040dbf7dfa7c,INC-2026-000596,Folake Oladipo,folake.oladipo@example.com,Drilling,Onshore,Process Train,Near Miss,High,Night,"Warm, humid, rain clearing",mobile work platform,,2026-08-29T06:45:00+00:00,2026-08-29T07:00:00+00:00,closed
8245d3ab-9f50-4423-9d57-e2b341460e6e,INC-2026-000597,Chukwuemeka Eze,chukwuemeka.eze@example.com,HSE,Akwa Ibom site,Materials Yard,Near Miss,Low,Day,"Warm, humid, rain clearing",pipe handling tool,Niger Delta Well Services Ltd,2025-08-05T14:20:00+00:00,2025-08-05T14:57:00+00:00,submitted
4eb1367b-7343-4c76-b763-ae51b9f9a1ab,INC-2026-000598,Aisha Abdullahi,aisha.abdullahi@example.com,Maintenance,Qua Iboe Logistics Yard,Marine Jetty,Near Miss,Medium,Day,"Dry, dusty conditions",lifting sling,,2023-12-25T11:36:00+00:00,2023-12-25T12:35:00+00:00,corrective_action
8316324a-7b0f-43b5-940a-c6dfda73c32d,INC-2026-000599,Bashir Shehu,bashir.shehu@example.com,Operations,Offshore Platform Alpha,Drilling Deck,Dropped Object,Medium,Day,Humid with calm wind,spanner set,,2024-01-17T08:04:00+00:00,2024-01-17T09:00:00+00:00,submitted
2e2bbbc0-7e4f-4355-9d39-2bd383089d64,INC-2026-000600,Folake Oladipo,folake.oladipo@example.com,HSE,Offshore Platform Alpha,Production Deck,Electrical Hazard,High,Day,Humid with calm wind,temporary power cable,,2024-04-04T13:59:00+00:00,2024-04-04T14:33:00+00:00,corrective_action
0065adb0-9e05-4070-9f96-7ebfb58a6431,INC-2026-000601,Iniobong Akpan,iniobong.akpan@example.com,Quality,Qua Iboe Logistics Yard,Marine Jetty,Vehicle Incident,Critical,Night,"Warm, humid, rain clearing",light vehicle,,2025-08-03T06:22:00+00:00,2025-08-03T06:45:00+00:00,submitted
7b86d98e-84e2-4c92-994c-eb9f9cb3b604,INC-2026-000602,Oluwaseun Adebayo,oluwaseun.adebayo@example.com,Operations,Onshore,Process Train,Vehicle Incident,Medium,Day,"Cloudy and dry, visibility good",forklift,,2026-04-02T09:28:00+00:00,2026-04-02T09:44:00+00:00,submitted
2e921a40-b15d-488f-877d-81eae72b41e1,INC-2026-000603,Chukwuemeka Eze,chukwuemeka.eze@example.com,Maintenance,Offshore Platform Alpha,Production Deck,Oil/Chemical Spillage,High,Day,"Warm, humid, rain clearing",diesel day tank connection,,2026-06-23T13:20:00+00:00,2026-06-23T13:50:00+00:00,submitted
00b5538e-015c-42aa-aa85-e5ce7dc0b6b8,INC-2026-000604,Oluwaseun Adebayo,oluwaseun.adebayo@example.com,Maintenance,Onshore Gas Processing Plant,Gas Compression Unit,Near Miss,Critical,Day,Overcast with light rain,lifting sling,,2025-05-31T07:10:00+00:00,2025-05-31T07:40:00+00:00,under_review
184fd5cc-b9dd-400c-ac68-329862cb6519,INC-2026-000605,Eno Etim,eno.etim@example.com,Drilling,Akwa Ibom site,Maintenance Workshop,Near Miss,Low,Afternoon,Humid with calm wind,lifting sling,,2024-01-22T16:55:00+00:00,2024-01-22T17:21:00+00:00,investigation
7a5a5bf5-68bf-44ee-810e-d02be1787a4a,INC-2026-000606,Eno Etim,eno.etim@example.com,Drilling,Offshore Platform Alpha,Helideck,Slip/Trip/Fall,High,Day,"Warm, humid, rain clearing",temporary walkway,,2023-09-29T14:48:00+00:00,2023-09-29T15:44:00+00:00,pending_verification
6979ee75-dfdb-42d8-a586-caa750712b3c,INC-2026-000607,Temitope Balogun,temitope.balogun@example.com,HSE,Marine Supply Base,Marine Jetty,Vehicle Incident,Low,Night,"Warm, humid, rain clearing",light vehicle,,2024-06-23T20:20:00+00:00,2024-06-23T21:18:00+00:00,under_review
864b9354-4ba4-4a65-918e-787c8e043959,INC-2026-000608,Sani Bello,sani.bello@example.com,Drilling,Eket Drilling Site,Mud Plant,Fire,Critical,Day,"Intermittent rain, humid conditions",portable generator,,2024-06-06T13:47:00+00:00,2024-06-06T14:30:00+00:00,investigation
c1172849-32f3-4b26-8c44-d42840df07be,INC-2026-000609,Chukwuemeka Eze,chukwuemeka.eze@example.com,Logistics,Eastern Flow Station,Pump House,Near Miss,Low,Afternoon,"Intermittent rain, humid conditions",lifting sling,Niger Delta Well Services Ltd,2024-10-22T15:02:00+00:00,2024-10-22T15:36:00+00:00,closed
61486764-9a59-466b-83e5-1e0abb97ae42,INC-2026-000610,Temitope Balogun,temitope.balogun@example.com,HSE,Eastern Flow Station,Pump House,Electrical Hazard,High,Day,"Warm, humid, rain clearing",motor isolator,,2026-07-23T07:41:00+00:00,2026-07-23T08:29:00+00:00,under_review
9eae1955-a4a2-4b8a-bf2d-8e9c1b2b7086,INC-2026-000611,Zainab Yusuf,zainab.yusuf@example.com,HSE,Onshore,Process Train,Environmental Release,Medium,Day,"Dry, dusty conditions",waste transfer hose,,2025-02-20T09:15:00+00:00,2025-02-20T10:02:00+00:00,under_review
34d813f0-cfe3-4ed8-98f6-094de401a4fc,INC-2026-000612,Obinna Okeke,obinna.okeke@example.com,Logistics,Qua Iboe Logistics Yard,Warehouse,Electrical Hazard,Low,Afternoon,"Warm, humid, rain clearing",motor isolator,,2026-06-08T15:32:00+00:00,2026-06-08T15:58:00+00:00,investigation
ad177374-fe18-410b-956f-904060a5a395,INC-2026-000613,Ifunanya Umeh,ifunanya.umeh@example.com,HSE,Onshore Gas Processing Plant,Tank Farm,Vehicle Incident,Medium,Night,Hot and dry with light haze,light vehicle,,2023-11-25T20:00:00+00:00,2023-11-25T20:53:00+00:00,investigation
5691fea8-ea35-4678-8fc9-b000c210f60c,INC-2026-000614,Ifunanya Umeh,ifunanya.umeh@example.com,Maintenance,Qua Iboe Logistics Yard,Warehouse,Slip/Trip/Fall,Low,Day,Heavy shower earlier; wet deck,cable ramp,,2024-07-23T13:46:00+00:00,2024-07-23T14:45:00+00:00,closed
8352192b-ed60-4be3-a3ca-f5cc91e1acbb,INC-2026-000615,Adaeze Nwosu,adaeze.nwosu@example.com,Logistics,Eket Drilling Site,Mud Plant,Near Miss,Medium,Afternoon,Overcast with light rain,pressure gauge,Coastal Integrity Nigeria Ltd,2024-06-17T18:04:00+00:00,2024-06-17T18:55:00+00:00,investigation
4e560b76-d5f2-4764-9dd0-802e850f6ed0,INC-2026-000616,Adeola Adeyemi,adeola.adeyemi@example.com,Quality,Old site,Power House,Near Miss,Low,Day,Heavy shower earlier; wet deck,pressure gauge,Niger Delta Well Services Ltd,2024-07-01T14:42:00+00:00,2024-07-01T14:59:00+00:00,corrective_action
205da2ee-a455-4ec4-8936-a34e1b53dabf,INC-2026-000617,Chukwuemeka Eze,chukwuemeka.eze@example.com,HSE,Eket Drilling Site,Rig Floor,Dropped Object,Low,Day,"Cloudy and dry, visibility good",tag line hook,,2026-01-07T08:45:00+00:00,2026-01-07T09:04:00+00:00,investigation
7e5386c1-2ee5-41ba-8c3a-10575e140b27,INC-2026-000618,Chinedu Okafor,chinedu.okafor@example.com,Drilling,Offshore Platform Alpha,Production Deck,PPE Non-Compliance,Low,Afternoon,Heavy shower earlier; wet deck,chemical gloves,,2024-06-07T15:53:00+00:00,2024-06-07T16:20:00+00:00,under_review
e876da30-b348-4fbe-b683-bdf2f907ef17,INC-2026-000619,Adeola Adeyemi,adeola.adeyemi@example.com,Operations,Eastern Flow Station,Pump House,Electrical Hazard,Low,Day,Overcast with light rain,portable lighting circuit,Apex Marine Support Ltd,2024-07-15T07:12:00+00:00,2024-07-15T08:06:00+00:00,corrective_action
4ebfaffe-6d44-4091-adea-87fabd0251d3,INC-2026-000620,Adaeze Nwosu,adaeze.nwosu@example.com,Drilling,Onshore Gas Processing Plant,Tank Farm,Near Miss,Medium,Afternoon,Overcast with light rain,mobile work platform,,2025-09-19T18:01:00+00:00,2025-09-19T18:33:00+00:00,investigation
e9cd7932-cfd2-41d7-aa3e-92b8f91c9fac,INC-2026-000621,Folake Oladipo,folake.oladipo@example.com,Drilling,Offshore Platform Alpha,Drilling Deck,PPE Non-Compliance,Medium,Day,"Cloudy and dry, visibility good",eye protection,Niger Delta Well Services Ltd,2026-02-12T14:31:00+00:00,2026-02-12T14:56:00+00:00,under_review
aba1f3d1-2b03-4829-b2b1-999414a9b084,INC-2026-000622,Ifunanya Umeh,ifunanya.umeh@example.com,Operations,Marine Supply Base,Warehouse,PPE Non-Compliance,High,Day,Overcast with light rain,chemical gloves,,2024-06-16T08:23:00+00:00,2024-06-16T09:12:00+00:00,corrective_action
b1ac206f-3e4b-497d-a734-a61ced1310ba,INC-2026-000623,Adaeze Nwosu,adaeze.nwosu@example.com,Logistics,Akwa Ibom site,Operations Office,PPE Non-Compliance,Low,Day,"Warm, humid, rain clearing",chemical gloves,,2025-05-26T14:08:00+00:00,2025-05-26T14:37:00+00:00,closed
feb6ed5d-9b03-4797-8156-5fcd0bd0c516,INC-2026-000624,Ifunanya Umeh,ifunanya.umeh@example.com,Drilling,Eastern Flow Station,Pump House,Oil/Chemical Spillage,Medium,Day,"Intermittent rain, humid conditions",diesel day tank connection,,2025-10-13T11:46:00+00:00,2025-10-13T12:26:00+00:00,corrective_action
a778f0a8-bc8e-419c-a43d-bc843bf06be3,INC-2026-000625,Ifunanya Umeh,ifunanya.umeh@example.com,Maintenance,Qua Iboe Logistics Yard,Vehicle Yard,Slip/Trip/Fall,High,Day,"Dry, dusty conditions",grating panel,Coastal Integrity Nigeria Ltd,2024-01-08T14:51:00+00:00,2024-01-08T15:32:00+00:00,investigation
5312094f-6ee0-4b52-8e58-06a7b5b35f8c,INC-2026-000626,Babatunde Ogunleye,babatunde.ogunleye@example.com,Logistics,Eastern Flow Station,Pump House,Oil/Chemical Spillage,High,Day,Overcast with light rain,lubricant tote valve,,2025-09-03T09:42:00+00:00,2025-09-03T10:14:00+00:00,closed
102cd03b-7287-4571-bcfb-c360966a3d70,INC-2026-000627,Iniobong Akpan,iniobong.akpan@example.com,Maintenance,Eket Drilling Site,Well Pad,Near Miss,Medium,Afternoon,"Warm, humid, rain clearing",pressure gauge,Niger Delta Well Services Ltd,2025-08-11T18:00:00+00:00,2025-08-11T18:26:00+00:00,closed
6195968c-ced8-4950-b3d4-6e7c14ad70eb,INC-2026-000628,Adaeze Nwosu,adaeze.nwosu@example.com,Operations,Offshore Platform Alpha,Helideck,Slip/Trip/Fall,High,Day,"Warm, humid, rain clearing",grating panel,,2026-08-30T11:16:00+00:00,2026-08-30T11:41:00+00:00,corrective_action
9079b24b-2f4b-4bb5-b62c-3100e228d47e,INC-2026-000629,Obinna Okeke,obinna.okeke@example.com,Logistics,Offshore Platform Alpha,Helideck,Dropped Object,High,Day,"Intermittent rain, humid conditions",spanner set,,2025-06-30T10:34:00+00:00,2025-06-30T11:21:00+00:00,investigation
b22ad513-374f-458f-b0e9-6f495a8f5b72,INC-2026-000630,Adaeze Nwosu,adaeze.nwosu@example.com,Operations,Onshore,Process Train,Vehicle Incident,Medium,Afternoon,"Cloudy and dry, visibility good",forklift,,2024-12-10T15:40:00+00:00,2024-12-10T16:20:00+00:00,pending_verification
ed00d3ce-5ab1-418d-a32f-d6a100cf4007,INC-2026-000631,Ifunanya Umeh,ifunanya.umeh@example.com,HSE,Onshore Gas Processing Plant,Process Train 1,Equipment Failure,Medium,Afternoon,"Cloudy and dry, visibility good",air compressor,,2025-02-18T15:39:00+00:00,2025-02-18T15:58:00+00:00,under_review
3619e81d-c589-4480-862c-e1d665282e2d,INC-2026-000632,Adeola Adeyemi,adeola.adeyemi@example.com,Drilling,Eastern Flow Station,Pump House,Environmental Release,High,Day,"Intermittent rain, humid conditions",drain isolation valve,Apex Marine Support Ltd,2025-06-20T09:26:00+00:00,2025-06-20T09:58:00+00:00,under_review
0d21ef04-bd43-4295-a826-fa060490b22d,INC-2026-000633,Oluwaseun Adebayo,oluwaseun.adebayo@example.com,HSE,Akwa Ibom site,Maintenance Workshop,Electrical Hazard,Medium,Day,Heavy shower earlier; wet deck,motor isolator,,2023-09-29T08:54:00+00:00,2023-09-29T09:30:00+00:00,under_review
8c47e043-ea26-4f06-bc9d-059b96497b9f,INC-2026-000634,Chukwuemeka Eze,chukwuemeka.eze@example.com,HSE,Offshore Platform Alpha,Production Deck,Oil/Chemical Spillage,Medium,Day,"Warm, humid, rain clearing",chemical transfer hose,Niger Delta Well Services Ltd,2023-09-29T07:00:00+00:00,2023-09-29T07:55:00+00:00,corrective_action
d7cae67e-f171-4ac4-ab82-f0d965c92f4f,INC-2026-000635,Ifunanya Umeh,ifunanya.umeh@example.com,Drilling,Eket Drilling Site,Mud Plant,Equipment Failure,Low,Day,Overcast with light rain,process valve actuator,,2025-08-22T13:12:00+00:00,2025-08-22T14:10:00+00:00,investigation
e45e97e4-b66d-4d4c-abc1-0b9fa1f86f6a,INC-2026-000636,Zainab Yusuf,zainab.yusuf@example.com,Maintenance,Offshore Platform Alpha,Production Deck,Fire,High,Day,"Warm, humid, rain clearing",electrical distribution board,Coastal Integrity Nigeria Ltd,2025-05-14T08:27:00+00:00,2025-05-14T09:12:00+00:00,corrective_action
f9e73f7f-8d03-4e4b-bba9-aeb6d00ce4c1,INC-2026-000637,Chukwuemeka Eze,chukwuemeka.eze@example.com,Quality,Old site,Legacy Process Unit,PPE Non-Compliance,Low,Night,Overcast with light rain,eye protection,Apex Marine Support Ltd,2024-06-28T06:45:00+00:00,2024-06-28T07:16:00+00:00,submitted
75499074-fca3-451d-b19f-693d31b56d30,INC-2026-000638,Ifunanya Umeh,ifunanya.umeh@example.com,Maintenance,Onshore Gas Processing Plant,Process Train 1,Slip/Trip/Fall,Low,Afternoon,"Warm, humid, rain clearing",temporary walkway,,2025-10-30T18:48:00+00:00,2025-10-30T19:09:00+00:00,corrective_action
b8f2d40e-735b-40d6-8b5a-61b1f04049fc,INC-2026-000639,Adeola Adeyemi,adeola.adeyemi@example.com,Quality,Onshore,Process Train,Environmental Release,High,Afternoon,"Intermittent rain, humid conditions",waste transfer hose,,2026-08-21T16:29:00+00:00,2026-08-21T17:02:00+00:00,under_review
2ddbd60d-6d8e-4ea6-979b-be230560b333,INC-2026-000640,Eno Etim,eno.etim@example.com,Maintenance,Eket Drilling Site,Well Pad,Near Miss,Medium,Day,Heavy shower earlier; wet deck,mobile work platform,Eastern Plant Maintenance Ltd,2025-08-04T11:43:00+00:00,2025-08-04T12:05:00+00:00,corrective_action
0fa889a2-72db-4418-9c01-898ae1e6a168,INC-2026-000641,Chukwuemeka Eze,chukwuemeka.eze@example.com,Quality,Eket Drilling Site,Well Pad,Slip/Trip/Fall,Critical,Afternoon,Overcast with light rain,temporary walkway,,2026-08-15T15:07:00+00:00,2026-08-15T15:25:00+00:00,submitted
c45803c8-a867-4e52-93f4-d114efd70361,INC-2026-000642,Adaeze Nwosu,adaeze.nwosu@example.com,Maintenance,Onshore,Process Train,Near Miss,Low,Day,Overcast with light rain,pipe handling tool,,2025-07-11T14:16:00+00:00,2025-07-11T14:48:00+00:00,investigation
630998d2-3df7-45f1-a63d-bc37bf7ee37d,INC-2026-000643,Adeola Adeyemi,adeola.adeyemi@example.com,Logistics,Offshore Platform Alpha,Drilling Deck,Dropped Object,Medium,Day,"Intermittent rain, humid conditions",portable sensor,,2024-05-20T08:40:00+00:00,2024-05-20T09:20:00+00:00,investigation
e68053b0-e1c5-47b1-8809-0511f80e4600,INC-2026-000644,Babatunde Ogunleye,babatunde.ogunleye@example.com,Logistics,Marine Supply Base,Warehouse,Slip/Trip/Fall,High,Afternoon,Heavy shower earlier; wet deck,cable ramp,,2025-05-29T15:16:00+00:00,2025-05-29T15:56:00+00:00,investigation
f0651aff-9b12-45d2-bbfd-ea72a2279a50,INC-2026-000645,Chinedu Okafor,chinedu.okafor@example.com,Quality,Old site,Power House,Fire,Medium,Afternoon,Heavy shower earlier; wet deck,hydraulic power pack,,2026-05-06T16:19:00+00:00,2026-05-06T16:42:00+00:00,closed
c29716fa-0c4e-4911-b5f1-100a68045061,INC-2026-000646,Oluwaseun Adebayo,oluwaseun.adebayo@example.com,Quality,Eket Drilling Site,Mud Plant,Near Miss,Critical,Day,"Dry, dusty conditions",pipe handling tool,,2025-11-06T08:35:00+00:00,2025-11-06T09:13:00+00:00,submitted
68db4927-ea0b-4c16-988c-88a2c2a38abf,INC-2026-000647,Ebiere Preye,ebiere.preye@example.com,Logistics,Old site,Power House,Equipment Failure,Low,Night,"Dry, dusty conditions",lifting winch,,2025-04-11T06:02:00+00:00,2025-04-11T06:29:00+00:00,closed
4f0b17cc-ff59-4c4c-8e09-350c96181a69,INC-2026-000648,Bashir Shehu,bashir.shehu@example.com,Logistics,Old site,Power House,Equipment Failure,High,Day,Humid with calm wind,air compressor,,2024-02-17T08:59:00+00:00,2024-02-17T09:24:00+00:00,under_review
8fb4356a-3344-4cd3-b767-7a4a7931460b,INC-2026-000649,Ifunanya Umeh,ifunanya.umeh@example.com,HSE,Eastern Flow Station,Pump House,Environmental Release,Low,Day,"Intermittent rain, humid conditions",chemical dosing skid,Coastal Integrity Nigeria Ltd,2023-10-19T14:31:00+00:00,2023-10-19T14:47:00+00:00,investigation
043daf87-1dd4-40dd-986e-9ae2cc7ece01,INC-2026-000650,Adeola Adeyemi,adeola.adeyemi@example.com,Quality,Offshore Platform Alpha,Drilling Deck,Slip/Trip/Fall,Medium,Day,Overcast with light rain,cable ramp,,2024-09-09T08:26:00+00:00,2024-09-09T09:20:00+00:00,corrective_action
77e1b0fe-591f-479b-8740-b323f0e41266,INC-2026-000651,Adeola Adeyemi,adeola.adeyemi@example.com,HSE,Eket Drilling Site,Rig Floor,Dropped Object,Low,Day,Humid with calm wind,portable sensor,Eastern Plant Maintenance Ltd,2025-02-13T13:06:00+00:00,2025-02-13T13:39:00+00:00,corrective_action
d91a96cf-bdf4-470c-a0d0-eac85e85a775,INC-2026-000652,Temitope Balogun,temitope.balogun@example.com,Drilling,Eket Drilling Site,Well Pad,Slip/Trip/Fall,High,Afternoon,"Intermittent rain, humid conditions",access stair tread,,2025-05-13T15:16:00+00:00,2025-05-13T16:03:00+00:00,pending_verification
2045b9a7-81ce-40bf-af86-e1783d0cd837,INC-2026-000653,Adeola Adeyemi,adeola.adeyemi@example.com,HSE,Offshore Platform Alpha,Drilling Deck,Dropped Object,High,Day,"Warm, humid, rain clearing",tag line hook,,2026-05-20T08:31:00+00:00,2026-05-20T09:15:00+00:00,closed
cbbfa90d-662d-4537-86e7-662e6e8380e9,INC-2026-000654,Sani Bello,sani.bello@example.com,HSE,Offshore Platform Alpha,Drilling Deck,Equipment Failure,High,Night,Humid with calm wind,process valve actuator,Niger Delta Well Services Ltd,2026-01-15T06:03:00+00:00,2026-01-15T06:20:00+00:00,corrective_action
a33d2bbf-97dd-4ff5-b50f-83da3d3db278,INC-2026-000655,Adeola Adeyemi,adeola.adeyemi@example.com,Logistics,Qua Iboe Logistics Yard,Marine Jetty,Near Miss,High,Day,Overcast with light rain,lifting sling,Niger Delta Well Services Ltd,2024-06-03T14:17:00+00:00,2024-06-03T14:58:00+00:00,investigation
21d64bac-5391-46d1-bbae-9194b1a086aa,INC-2026-000656,Eno Etim,eno.etim@example.com,HSE,Old site,Assembly Point,Near Miss,High,Day,"Cloudy and dry, visibility good",mobile work platform,,2024-11-30T13:22:00+00:00,2024-11-30T14:09:00+00:00,corrective_action
2208be65-fb8a-41d4-80d6-8b0104cbc9e1,INC-2026-000657,Adaeze Nwosu,adaeze.nwosu@example.com,Operations,Eket Drilling Site,Mud Plant,Slip/Trip/Fall,High,Night,"Intermittent rain, humid conditions",access stair tread,,2024-05-24T06:53:00+00:00,2024-05-24T07:21:00+00:00,submitted
c648a01b-a893-4108-966a-ba3e0245e0b3,INC-2026-000658,Chinedu Okafor,chinedu.okafor@example.com,Operations,Old site,Legacy Process Unit,Near Miss,High,Afternoon,Heavy shower earlier; wet deck,mobile work platform,,2024-06-02T16:24:00+00:00,2024-06-02T17:05:00+00:00,closed
e92cb805-b482-40d0-9a81-b8338bd491bf,INC-2026-000659,Folake Oladipo,folake.oladipo@example.com,Drilling,Onshore Gas Processing Plant,Gas Compression Unit,Slip/Trip/Fall,Medium,Night,"Dry, dusty conditions",grating panel,,2024-01-02T20:35:00+00:00,2024-01-02T21:00:00+00:00,submitted
2edd9a41-235f-4620-9321-38ce3668866d,INC-2026-000660,Sani Bello,sani.bello@example.com,Operations,Onshore Gas Processing Plant,Tank Farm,Vehicle Incident,High,Day,Humid with calm wind,service truck,Niger Delta Well Services Ltd,2024-12-04T13:39:00+00:00,2024-12-04T14:31:00+00:00,pending_verification
4f91de3f-533e-45ee-86fe-b7e5f2bb1fab,INC-2026-000661,Chinedu Okafor,chinedu.okafor@example.com,Logistics,Offshore Platform Alpha,Production Deck,Dropped Object,High,Day,Heavy shower earlier; wet deck,portable sensor,,2026-07-02T08:10:00+00:00,2026-07-02T08:44:00+00:00,submitted
88a95087-485f-4484-ba27-92549c8e1c5d,INC-2026-000662,Adaeze Nwosu,adaeze.nwosu@example.com,Logistics,Eket Drilling Site,Rig Floor,Dropped Object,Medium,Afternoon,"Dry, dusty conditions",portable sensor,,2026-04-27T18:09:00+00:00,2026-04-27T18:38:00+00:00,investigation
f8fd3f06-b0e8-4ae9-a053-be0ef62dc4ad,INC-2026-000663,Ifunanya Umeh,ifunanya.umeh@example.com,Logistics,Offshore Platform Alpha,Production Deck,Electrical Hazard,Medium,Night,"Dry, dusty conditions",portable lighting circuit,,2024-01-28T06:20:00+00:00,2024-01-28T07:15:00+00:00,closed
f1a8b84b-9264-4bac-84ce-c96c8a36ab49,INC-2026-000664,Obinna Okeke,obinna.okeke@example.com,Quality,Old site,Power House,PPE Non-Compliance,Medium,Day,Overcast with light rain,respiratory protection set,,2024-06-12T09:08:00+00:00,2024-06-12T09:35:00+00:00,corrective_action
2d593fa0-a6d5-4bdf-b34b-4b39508fef48,INC-2026-000665,Obinna Okeke,obinna.okeke@example.com,Operations,Old site,Legacy Process Unit,Fire,Low,Day,"Intermittent rain, humid conditions",electrical distribution board,,2024-05-01T07:29:00+00:00,2024-05-01T08:22:00+00:00,corrective_action
2e9b7b9c-5378-4773-a7d3-9dd01bf65c05,INC-2026-000666,Bashir Shehu,bashir.shehu@example.com,Maintenance,Onshore,Control Room,Near Miss,Medium,Afternoon,Hot and dry with light haze,pipe handling tool,Apex Marine Support Ltd,2024-12-01T15:15:00+00:00,2024-12-01T15:50:00+00:00,corrective_action
f136b6f5-c9fc-4a87-b280-5d8e97f77200,INC-2026-000667,Chinedu Okafor,chinedu.okafor@example.com,Quality,Onshore Gas Processing Plant,Gas Compression Unit,Vehicle Incident,Medium,Night,Overcast with light rain,telehandler,Eastern Plant Maintenance Ltd,2025-05-08T06:55:00+00:00,2025-05-08T07:43:00+00:00,corrective_action
64f10d07-c623-4758-ba98-812257522252,INC-2026-000668,Folake Oladipo,folake.oladipo@example.com,Maintenance,Eastern Flow Station,Separator Area,Environmental Release,Critical,Day,Overcast with light rain,drain isolation valve,,2026-08-04T11:00:00+00:00,2026-08-04T11:42:00+00:00,corrective_action
9b0860a1-89cd-4353-a5ee-580c61745788,INC-2026-000669,Chinedu Okafor,chinedu.okafor@example.com,Operations,Marine Supply Base,Marine Jetty,Near Miss,High,Night,Hot and dry with light haze,pipe handling tool,,2025-04-22T20:34:00+00:00,2025-04-22T20:50:00+00:00,pending_verification
a373dd18-64a7-488b-b554-8911c016ed31,INC-2026-000670,Ifunanya Umeh,ifunanya.umeh@example.com,Quality,Qua Iboe Logistics Yard,Vehicle Yard,Electrical Hazard,Low,Day,"Intermittent rain, humid conditions",motor isolator,,2024-06-20T10:44:00+00:00,2024-06-20T11:39:00+00:00,submitted
368aa32d-5112-48b9-a408-50c095531dc1,INC-2026-000671,Chukwuemeka Eze,chukwuemeka.eze@example.com,HSE,Marine Supply Base,Warehouse,Vehicle Incident,Critical,Afternoon,Humid with calm wind,service truck,Coastal Integrity Nigeria Ltd,2024-01-31T16:58:00+00:00,2024-01-31T17:24:00+00:00,under_review
fb280000-9735-46c3-8f35-027046da2c5a,INC-2026-000672,Tamuno George,tamuno.george@example.com,HSE,Onshore,Process Train,Electrical Hazard,High,Day,Humid with calm wind,motor isolator,,2024-11-26T07:47:00+00:00,2024-11-26T08:46:00+00:00,submitted
7f681571-f064-41e0-a14b-9d9bff58c883,INC-2026-000673,Chukwuemeka Eze,chukwuemeka.eze@example.com,Logistics,Akwa Ibom site,Maintenance Workshop,Equipment Failure,Low,Day,"Warm, humid, rain clearing",process valve actuator,,2025-06-21T13:30:00+00:00,2025-06-21T14:27:00+00:00,corrective_action
5d8b9013-54fc-462f-9447-22d42c30af42,INC-2026-000674,Obinna Okeke,obinna.okeke@example.com,Drilling,Eastern Flow Station,Pump House,Near Miss,High,Day,Heavy shower earlier; wet deck,pipe handling tool,Niger Delta Well Services Ltd,2024-09-21T09:14:00+00:00,2024-09-21T10:13:00+00:00,submitted
ad40ba75-dab7-41b8-86e5-8cda7bfd7e35,INC-2026-000675,Chinedu Okafor,chinedu.okafor@example.com,Quality,Eastern Flow Station,Emergency Assembly Point,Slip/Trip/Fall,Low,Day,Hot and dry with light haze,cable ramp,,2024-12-04T09:45:00+00:00,2024-12-04T10:41:00+00:00,submitted
2e1132f7-ea3b-4c40-a39a-604078ad9875,INC-2026-000676,Adeola Adeyemi,adeola.adeyemi@example.com,Operations,Akwa Ibom site,Maintenance Workshop,Near Miss,Medium,Day,"Intermittent rain, humid conditions",pressure gauge,,2024-07-21T09:06:00+00:00,2024-07-21T10:02:00+00:00,corrective_action
d46e1122-3926-45f5-879e-f994edd9f45c,INC-2026-000677,Musa Ibrahim,musa.ibrahim@example.com,Maintenance,Qua Iboe Logistics Yard,Marine Jetty,Vehicle Incident,High,Night,Overcast with light rain,light vehicle,Niger Delta Well Services Ltd,2023-10-22T20:27:00+00:00,2023-10-22T20:58:00+00:00,corrective_action
0c285ef6-f735-46fb-a853-897341e08aea,INC-2026-000678,Zainab Yusuf,zainab.yusuf@example.com,Operations,New site,Site Camp,PPE Non-Compliance,Low,Night,Overcast with light rain,chemical gloves,,2024-08-27T06:13:00+00:00,2024-08-27T06:40:00+00:00,pending_verification
53743260-ae25-4f1a-b92b-28e198fb145d,INC-2026-000679,Babatunde Ogunleye,babatunde.ogunleye@example.com,Logistics,Offshore Platform Alpha,Helideck,Near Miss,Medium,Day,Heavy shower earlier; wet deck,lifting sling,,2023-09-29T14:54:00+00:00,2023-09-29T15:36:00+00:00,corrective_action
5a476102-1a46-4227-9918-c459061a5b39,INC-2026-000680,Chinedu Okafor,chinedu.okafor@example.com,HSE,Onshore,Process Train,Fire,Low,Day,"Warm, humid, rain clearing",hot-work area,Coastal Integrity Nigeria Ltd,2025-10-01T10:53:00+00:00,2025-10-01T11:27:00+00:00,closed
043811b0-110a-404b-99ca-fa197d6fefd2,INC-2026-000681,Chukwuemeka Eze,chukwuemeka.eze@example.com,Logistics,Offshore Platform Alpha,Helideck,Dropped Object,High,Day,Heavy shower earlier; wet deck,spanner set,,2026-08-06T14:53:00+00:00,2026-08-06T15:47:00+00:00,submitted
edfd4140-8150-47bb-8985-22f4c127f46a,INC-2026-000682,Obinna Okeke,obinna.okeke@example.com,HSE,New site,Rig Floor,Near Miss,Critical,Day,Overcast with light rain,lifting sling,,2026-05-28T11:35:00+00:00,2026-05-28T12:21:00+00:00,investigation
9fe22501-3f24-4a81-98d4-a020f855f57b,INC-2026-000683,Oluwaseun Adebayo,oluwaseun.adebayo@example.com,Operations,Eastern Flow Station,Separator Area,Oil/Chemical Spillage,Low,Day,"Cloudy and dry, visibility good",diesel day tank connection,Coastal Integrity Nigeria Ltd,2025-02-08T09:50:00+00:00,2025-02-08T10:38:00+00:00,under_review
a46ece43-af1d-4275-8bf2-25996cabf473,INC-2026-000684,Musa Ibrahim,musa.ibrahim@example.com,HSE,Onshore Gas Processing Plant,Process Train 1,Electrical Hazard,Medium,Night,Overcast with light rain,portable lighting circuit,,2024-06-10T20:03:00+00:00,2024-06-10T20:24:00+00:00,corrective_action
07e73d45-7aaf-4a44-b071-dc82823ec0c0,INC-2026-000685,Eno Etim,eno.etim@example.com,Drilling,Eastern Flow Station,Pump House,Electrical Hazard,Medium,Night,Hot and dry with light haze,temporary power cable,,2023-12-02T06:25:00+00:00,2023-12-02T07:12:00+00:00,investigation
b8bdb340-3238-4bab-ad05-caed44f46a09,INC-2026-000686,Adaeze Nwosu,adaeze.nwosu@example.com,HSE,Offshore Platform Alpha,Helideck,Near Miss,Critical,Afternoon,"Warm, humid, rain clearing",mobile work platform,,2025-09-14T16:43:00+00:00,2025-09-14T17:14:00+00:00,pending_verification
066ae97f-cfe7-4dcd-8b47-cdf4ca5a90a9,INC-2026-000687,Babatunde Ogunleye,babatunde.ogunleye@example.com,Drilling,Marine Supply Base,Vehicle Yard,Electrical Hazard,Low,Afternoon,"Cloudy and dry, visibility good",portable lighting circuit,Coastal Integrity Nigeria Ltd,2026-02-18T18:54:00+00:00,2026-02-18T19:27:00+00:00,pending_verification
1bf5fd95-4a85-4339-84bb-e08d0f181b7f,INC-2026-000688,Oluwaseun Adebayo,oluwaseun.adebayo@example.com,Logistics,Marine Supply Base,Marine Jetty,Vehicle Incident,High,Day,"Dry, dusty conditions",light vehicle,Apex Marine Support Ltd,2023-11-24T13:14:00+00:00,2023-11-24T13:52:00+00:00,under_review
207d0843-3392-48b4-9a49-64dd777829a1,INC-2026-000689,Aisha Abdullahi,aisha.abdullahi@example.com,Operations,Offshore Platform Alpha,Drilling Deck,Dropped Object,Low,Day,Humid with calm wind,tag line hook,,2024-02-12T14:45:00+00:00,2024-02-12T15:39:00+00:00,closed
a7fc709d-01af-44b3-ae83-adb15fe1c290,INC-2026-000690,Musa Ibrahim,musa.ibrahim@example.com,Logistics,Eastern Flow Station,Emergency Assembly Point,Near Miss,Medium,Night,Overcast with light rain,pipe handling tool,,2025-05-07T20:56:00+00:00,2025-05-07T21:52:00+00:00,submitted
ba77b0ab-8f0c-4ab7-a270-5f2d486a9300,INC-2026-000691,Bashir Shehu,bashir.shehu@example.com,Operations,Old site,Power House,Slip/Trip/Fall,Low,Afternoon,Heavy shower earlier; wet deck,access stair tread,,2024-08-14T18:01:00+00:00,2024-08-14T18:43:00+00:00,submitted
0ee50209-a01c-4501-8ead-31d9ac4a3044,INC-2026-000692,Aisha Abdullahi,aisha.abdullahi@example.com,Drilling,Onshore,Control Room,Slip/Trip/Fall,Low,Day,Heavy shower earlier; wet deck,temporary walkway,,2026-06-18T11:36:00+00:00,2026-06-18T12:07:00+00:00,closed
fdd1229c-005d-42cd-a5f0-dbb8aa2a3ece,INC-2026-000693,Sani Bello,sani.bello@example.com,Operations,Offshore Platform Alpha,Helideck,Dropped Object,Medium,Night,"Dry, dusty conditions",tag line hook,Eastern Plant Maintenance Ltd,2025-01-22T06:42:00+00:00,2025-01-22T07:25:00+00:00,pending_verification
d860b626-ac97-4a5b-9b60-c873d3592460,INC-2026-000694,Eno Etim,eno.etim@example.com,Maintenance,Offshore Platform Alpha,Drilling Deck,PPE Non-Compliance,Low,Afternoon,Overcast with light rain,fall-arrest harness,,2025-08-09T18:57:00+00:00,2025-08-09T19:16:00+00:00,investigation
fc635335-98dc-46de-bcc6-bbacbc6a33b2,INC-2026-000695,Temitope Balogun,temitope.balogun@example.com,Maintenance,Offshore Platform Alpha,Production Deck,Dropped Object,High,Night,Overcast with light rain,spanner set,,2023-09-29T06:13:00+00:00,2023-09-29T06:52:00+00:00,submitted
9a40ed47-20b1-48a0-843b-8370385a6074,INC-2026-000696,Bashir Shehu,bashir.shehu@example.com,Logistics,New site,Rig Floor,Equipment Failure,Low,Night,Hot and dry with light haze,air compressor,,2025-03-05T20:55:00+00:00,2025-03-05T21:18:00+00:00,submitted
7d7d393e-3514-4dc8-9cf6-68d9d109fe95,INC-2026-000697,Chinedu Okafor,chinedu.okafor@example.com,HSE,Eastern Flow Station,Separator Area,Near Miss,Medium,Night,"Cloudy and dry, visibility good",pipe handling tool,,2025-12-14T06:51:00+00:00,2025-12-14T07:16:00+00:00,submitted
97aff5b5-4bb0-4d70-a632-8ce719133ca6,INC-2026-000698,Eno Etim,eno.etim@example.com,Drilling,Eket Drilling Site,Rig Floor,Dropped Object,High,Afternoon,Overcast with light rain,spanner set,,2024-06-04T16:48:00+00:00,2024-06-04T17:17:00+00:00,investigation
68bfb970-e2cb-42dd-be4e-f329f4f2d2b9,INC-2026-000699,Chinedu Okafor,chinedu.okafor@example.com,Operations,Offshore Platform Alpha,Production Deck,Oil/Chemical Spillage,Medium,Day,"Intermittent rain, humid conditions",lubricant tote valve,,2026-05-28T10:48:00+00:00,2026-05-28T11:26:00+00:00,submitted
8e6ba5dc-dab6-4285-89d9-45d112680387,INC-2026-000700,Folake Oladipo,folake.oladipo@example.com,Drilling,Offshore Platform Alpha,Production Deck,PPE Non-Compliance,High,Day,Humid with calm wind,fall-arrest harness,,2024-02-01T11:32:00+00:00,2024-02-01T11:51:00+00:00,investigation
db00a1cd-36bc-4220-9d84-6ed57d476818,INC-2026-000701,Zainab Yusuf,zainab.yusuf@example.com,Operations,Onshore Gas Processing Plant,Process Train 1,PPE Non-Compliance,Medium,Day,Heavy shower earlier; wet deck,eye protection,,2024-05-25T07:10:00+00:00,2024-05-25T07:55:00+00:00,corrective_action
24bbff88-73a2-40ae-8122-5f6358080c15,INC-2026-000702,Ifunanya Umeh,ifunanya.umeh@example.com,Operations,New site,Well Pad,Slip/Trip/Fall,Critical,Day,"Warm, humid, rain clearing",cable ramp,,2025-10-22T08:50:00+00:00,2025-10-22T09:37:00+00:00,corrective_action
bc474968-3013-4cfe-b086-19c0298dee9a,INC-2026-000703,Chukwuemeka Eze,chukwuemeka.eze@example.com,Quality,Onshore Gas Processing Plant,Process Train 1,Fire,Medium,Night,"Intermittent rain, humid conditions",hot-work area,Apex Marine Support Ltd,2024-07-20T20:23:00+00:00,2024-07-20T21:11:00+00:00,corrective_action
ea8cb9fa-b52a-4459-ae20-99cdfc00f6bf,INC-2026-000704,Adeola Adeyemi,adeola.adeyemi@example.com,Logistics,Onshore Gas Processing Plant,Gas Compression Unit,Near Miss,High,Afternoon,Humid with calm wind,lifting sling,,2024-12-25T16:22:00+00:00,2024-12-25T17:04:00+00:00,under_review
84c22034-0084-4675-8960-c3a2cedabc3c,INC-2026-000705,Adaeze Nwosu,adaeze.nwosu@example.com,Operations,Eastern Flow Station,Separator Area,Environmental Release,High,Day,Heavy shower earlier; wet deck,chemical dosing skid,,2025-07-28T07:51:00+00:00,2025-07-28T08:14:00+00:00,pending_verification
042169b3-577f-4190-9c1f-54262c54e67e,INC-2026-000706,Temitope Balogun,temitope.balogun@example.com,HSE,Offshore Platform Alpha,Production Deck,Dropped Object,Low,Day,Hot and dry with light haze,spanner set,,2026-03-07T09:34:00+00:00,2026-03-07T10:00:00+00:00,closed
30ed3151-6419-40f7-ac81-0eb33c741d41,INC-2026-000707,Oluwaseun Adebayo,oluwaseun.adebayo@example.com,Maintenance,Offshore Platform Alpha,Drilling Deck,Near Miss,Medium,Afternoon,Hot and dry with light haze,pressure gauge,Coastal Integrity Nigeria Ltd,2024-12-16T18:08:00+00:00,2024-12-16T18:59:00+00:00,corrective_action
ded0dcef-0f11-4b26-a166-db62cbe9ce79,INC-2026-000708,Tamuno George,tamuno.george@example.com,Drilling,Onshore Gas Processing Plant,Gas Compression Unit,Equipment Failure,Low,Night,Heavy shower earlier; wet deck,centrifugal pump,,2024-08-20T06:38:00+00:00,2024-08-20T07:01:00+00:00,under_review
9f18213b-4e66-46fb-bb36-a72d9a4f4c4c,INC-2026-000709,Chukwuemeka Eze,chukwuemeka.eze@example.com,Operations,Eastern Flow Station,Emergency Assembly Point,Slip/Trip/Fall,Medium,Night,Overcast with light rain,access stair tread,,2024-06-11T06:36:00+00:00,2024-06-11T07:30:00+00:00,pending_verification
84de7d3b-e13d-491c-8f24-61cb8be29bda,INC-2026-000710,Chinedu Okafor,chinedu.okafor@example.com,Drilling,Onshore,Process Train,Equipment Failure,Critical,Afternoon,Overcast with light rain,centrifugal pump,,2025-06-13T18:57:00+00:00,2025-06-13T19:41:00+00:00,closed
23e9e66c-78a5-4fd4-ae1a-36be12e2ba4e,INC-2026-000711,Sani Bello,sani.bello@example.com,Logistics,Marine Supply Base,Vehicle Yard,Vehicle Incident,Critical,Day,"Cloudy and dry, visibility good",forklift,,2026-03-06T13:56:00+00:00,2026-03-06T14:53:00+00:00,under_review
0e9488a6-31f1-41e9-b688-e997ee9fb802,INC-2026-000712,Babatunde Ogunleye,babatunde.ogunleye@example.com,Drilling,Offshore Platform Alpha,Production Deck,Environmental Release,Low,Day,Humid with calm wind,produced-water line,,2025-04-08T10:12:00+00:00,2025-04-08T10:32:00+00:00,corrective_action
8b30d86a-6ca3-4b6d-84cc-be08ebff5f07,INC-2026-000713,Temitope Balogun,temitope.balogun@example.com,Quality,Qua Iboe Logistics Yard,Marine Jetty,Near Miss,Low,Day,"Warm, humid, rain clearing",lifting sling,,2024-08-18T09:05:00+00:00,2024-08-18T09:59:00+00:00,corrective_action
97ba68d7-965d-453c-92a3-d8831e1eb077,INC-2026-000714,Chinedu Okafor,chinedu.okafor@example.com,HSE,Akwa Ibom site,Materials Yard,Slip/Trip/Fall,Low,Day,Heavy shower earlier; wet deck,temporary walkway,Niger Delta Well Services Ltd,2024-05-15T13:22:00+00:00,2024-05-15T13:48:00+00:00,corrective_action
bf3d5486-23c4-4677-a36a-66149290f7c9,INC-2026-000715,Temitope Balogun,temitope.balogun@example.com,Drilling,Offshore Platform Alpha,Production Deck,Slip/Trip/Fall,Medium,Day,"Dry, dusty conditions",cable ramp,,2024-04-15T08:53:00+00:00,2024-04-15T09:41:00+00:00,closed
14ee17e7-2b76-4dcf-8e0d-13696ca016db,INC-2026-000716,Bashir Shehu,bashir.shehu@example.com,Operations,Akwa Ibom site,Maintenance Workshop,Slip/Trip/Fall,High,Night,"Intermittent rain, humid conditions",cable ramp,,2024-07-12T20:10:00+00:00,2024-07-12T20:59:00+00:00,investigation
e378a064-bc4b-404d-afae-76082ea19cd5,INC-2026-000717,Aisha Abdullahi,aisha.abdullahi@example.com,Quality,New site,Rig Floor,Electrical Hazard,Low,Night,"Intermittent rain, humid conditions",temporary power cable,,2025-08-12T20:01:00+00:00,2025-08-12T20:57:00+00:00,corrective_action
4327e6aa-f088-48e7-9ee9-7aa01b178226,INC-2026-000718,Chukwuemeka Eze,chukwuemeka.eze@example.com,Logistics,Offshore Platform Alpha,Production Deck,Slip/Trip/Fall,Critical,Night,"Warm, humid, rain clearing",grating panel,,2023-10-07T20:16:00+00:00,2023-10-07T20:53:00+00:00,investigation
bd2a926a-eaec-419a-860b-58c23b60686c,INC-2026-000719,Musa Ibrahim,musa.ibrahim@example.com,HSE,Eket Drilling Site,Rig Floor,Dropped Object,Low,Day,Heavy shower earlier; wet deck,portable sensor,,2026-08-17T09:43:00+00:00,2026-08-17T10:25:00+00:00,corrective_action
4de79fab-d7ce-4d35-80ee-da554971ad5a,INC-2026-000720,Ebiere Preye,ebiere.preye@example.com,Quality,New site,Site Camp,Near Miss,Low,Afternoon,"Warm, humid, rain clearing",lifting sling,,2025-07-12T18:18:00+00:00,2025-07-12T18:58:00+00:00,pending_verification
01279016-5cdb-4371-83db-0ba5d67f056d,INC-2026-000721,Adaeze Nwosu,adaeze.nwosu@example.com,Quality,Onshore Gas Processing Plant,Tank Farm,Oil/Chemical Spillage,Medium,Afternoon,Humid with calm wind,pump seal assembly,,2024-04-16T18:14:00+00:00,2024-04-16T18:38:00+00:00,corrective_action
cb6e8e4f-8d97-47a3-ad5e-317eb77c08b1,INC-2026-000722,Sani Bello,sani.bello@example.com,Operations,Akwa Ibom site,Operations Office,Near Miss,Medium,Day,"Intermittent rain, humid conditions",mobile work platform,Eastern Plant Maintenance Ltd,2026-08-01T08:00:00+00:00,2026-08-01T08:18:00+00:00,submitted
5a4e2624-9e27-46da-959a-208f15d1fc5f,INC-2026-000723,Obinna Okeke,obinna.okeke@example.com,Quality,Eket Drilling Site,Rig Floor,Dropped Object,High,Afternoon,Heavy shower earlier; wet deck,portable sensor,,2025-07-24T15:51:00+00:00,2025-07-24T16:06:00+00:00,closed
a164a6d1-ae88-43e7-bd3c-dcce5709e779,INC-2026-000724,Adaeze Nwosu,adaeze.nwosu@example.com,Maintenance,Eastern Flow Station,Emergency Assembly Point,Near Miss,Low,Day,"Dry, dusty conditions",mobile work platform,,2024-01-24T07:26:00+00:00,2024-01-24T08:09:00+00:00,corrective_action
025bcdfb-9014-4faf-a5f3-1db7145c9aaa,INC-2026-000725,Oluwaseun Adebayo,oluwaseun.adebayo@example.com,Drilling,Onshore,Process Train,Vehicle Incident,Critical,Afternoon,Overcast with light rain,forklift,Eastern Plant Maintenance Ltd,2023-09-30T16:14:00+00:00,2023-09-30T16:30:00+00:00,under_review
6fdd8419-389c-467e-9a57-1deb46d81c6a,INC-2026-000726,Zainab Yusuf,zainab.yusuf@example.com,Operations,Old site,Power House,Slip/Trip/Fall,Critical,Day,"Intermittent rain, humid conditions",access stair tread,Niger Delta Well Services Ltd,2024-09-10T09:15:00+00:00,2024-09-10T09:56:00+00:00,submitted
a22de386-dd92-46a8-a022-f774a2511f61,INC-2026-000727,Adaeze Nwosu,adaeze.nwosu@example.com,Quality,Offshore Platform Alpha,Helideck,Dropped Object,Medium,Afternoon,"Dry, dusty conditions",small-bore fitting,Coastal Integrity Nigeria Ltd,2025-02-24T18:58:00+00:00,2025-02-24T19:27:00+00:00,under_review
988f04e1-35b2-46e3-a0ef-2acc2126bce8,INC-2026-000728,Bashir Shehu,bashir.shehu@example.com,Operations,Marine Supply Base,Warehouse,Near Miss,Low,Day,Overcast with light rain,pressure gauge,,2025-06-24T10:40:00+00:00,2025-06-24T10:55:00+00:00,under_review
d54a2d76-243e-441a-9d9b-eb4ba148122f,INC-2026-000729,Chukwuemeka Eze,chukwuemeka.eze@example.com,Logistics,Old site,Power House,Slip/Trip/Fall,Low,Afternoon,Heavy shower earlier; wet deck,temporary walkway,Eastern Plant Maintenance Ltd,2026-08-24T16:19:00+00:00,2026-08-24T16:40:00+00:00,corrective_action
5f2264b2-c1cf-4338-8fd0-9ffc065fedf5,INC-2026-000730,Chukwuemeka Eze,chukwuemeka.eze@example.com,Operations,Eastern Flow Station,Separator Area,Environmental Release,Low,Day,"Intermittent rain, humid conditions",drain isolation valve,,2026-07-17T11:53:00+00:00,2026-07-17T12:28:00+00:00,submitted
7c379420-7a7c-4a6a-a1e7-a33208242966,INC-2026-000731,Adaeze Nwosu,adaeze.nwosu@example.com,Operations,Akwa Ibom site,Operations Office,Near Miss,High,Day,"Warm, humid, rain clearing",lifting sling,Coastal Integrity Nigeria Ltd,2024-09-13T11:15:00+00:00,2024-09-13T11:56:00+00:00,corrective_action
c2c74489-e612-423f-ab77-4a48e3474ec6,INC-2026-000732,Folake Oladipo,folake.oladipo@example.com,Logistics,Offshore Platform Alpha,Drilling Deck,Fire,Critical,Day,Overcast with light rain,hydraulic power pack,,2026-06-23T11:25:00+00:00,2026-06-23T12:05:00+00:00,under_review
677e29f7-a6f8-4fe9-baaf-09588ced9089,INC-2026-000733,Chukwuemeka Eze,chukwuemeka.eze@example.com,Quality,Offshore Platform Alpha,Helideck,Dropped Object,High,Night,"Intermittent rain, humid conditions",portable sensor,,2025-07-22T06:07:00+00:00,2025-07-22T06:43:00+00:00,submitted
b7068515-9c2b-4ddc-86c0-8c96573dc3ac,INC-2026-000734,Adeola Adeyemi,adeola.adeyemi@example.com,Operations,Old site,Power House,Near Miss,Medium,Day,Heavy shower earlier; wet deck,lifting sling,,2024-07-11T08:07:00+00:00,2024-07-11T08:58:00+00:00,investigation
39acd070-74d6-4367-809b-293e4d99131d,INC-2026-000735,Aisha Abdullahi,aisha.abdullahi@example.com,Operations,Akwa Ibom site,Operations Office,Near Miss,Medium,Afternoon,"Intermittent rain, humid conditions",mobile work platform,,2024-06-23T15:59:00+00:00,2024-06-23T16:48:00+00:00,closed
507c4c8a-9646-4ffb-b7a2-40e31c85f3aa,INC-2026-000736,Ifunanya Umeh,ifunanya.umeh@example.com,Drilling,Eket Drilling Site,Mud Plant,Equipment Failure,Low,Night,"Warm, humid, rain clearing",process valve actuator,Niger Delta Well Services Ltd,2026-05-18T06:02:00+00:00,2026-05-18T06:19:00+00:00,investigation
60ae28c6-52db-4667-9421-4a89b9220efe,INC-2026-000737,Aisha Abdullahi,aisha.abdullahi@example.com,Maintenance,Eastern Flow Station,Emergency Assembly Point,Slip/Trip/Fall,High,Afternoon,"Warm, humid, rain clearing",access stair tread,Niger Delta Well Services Ltd,2026-06-07T15:49:00+00:00,2026-06-07T16:06:00+00:00,submitted
b99eb33d-5d90-4b74-b961-feae4435ae2b,INC-2026-000738,Chukwuemeka Eze,chukwuemeka.eze@example.com,HSE,New site,Site Camp,Near Miss,High,Day,Heavy shower earlier; wet deck,pipe handling tool,,2025-06-20T11:17:00+00:00,2025-06-20T12:05:00+00:00,investigation
99a561ee-f2e6-4e2f-89a6-6b82f67ba92a,INC-2026-000739,Ifunanya Umeh,ifunanya.umeh@example.com,Quality,Offshore Platform Alpha,Production Deck,Fire,Low,Night,Humid with calm wind,electrical distribution board,Niger Delta Well Services Ltd,2025-01-17T06:30:00+00:00,2025-01-17T07:20:00+00:00,closed
f97e8b68-4a67-411f-8dd5-d9acd4d59b07,INC-2026-000740,Chukwuemeka Eze,chukwuemeka.eze@example.com,HSE,Marine Supply Base,Vehicle Yard,Vehicle Incident,High,Night,Hot and dry with light haze,telehandler,,2025-12-08T20:24:00+00:00,2025-12-08T21:06:00+00:00,investigation
e7c3e5a9-c531-48ec-a4f2-018c0977d734,INC-2026-000741,Chinedu Okafor,chinedu.okafor@example.com,HSE,Eastern Flow Station,Pump House,Slip/Trip/Fall,High,Day,"Warm, humid, rain clearing",grating panel,,2023-10-10T10:37:00+00:00,2023-10-10T11:35:00+00:00,submitted
1e69a6da-8c10-489c-b07d-03290f38689a,INC-2026-000742,Aisha Abdullahi,aisha.abdullahi@example.com,Drilling,Onshore,Tank Farm,Vehicle Incident,Critical,Day,Heavy shower earlier; wet deck,service truck,Apex Marine Support Ltd,2025-10-03T11:08:00+00:00,2025-10-03T11:45:00+00:00,closed
efd5d16e-b3fb-4277-934b-76897baaa65f,INC-2026-000743,Zainab Yusuf,zainab.yusuf@example.com,Drilling,Onshore Gas Processing Plant,Gas Compression Unit,Equipment Failure,Low,Afternoon,"Warm, humid, rain clearing",process valve actuator,Apex Marine Support Ltd,2025-07-03T18:11:00+00:00,2025-07-03T18:26:00+00:00,investigation
b272623a-c0c9-4664-9f71-eb78db578246,INC-2026-000744,Chinedu Okafor,chinedu.okafor@example.com,Logistics,Onshore Gas Processing Plant,Process Train 1,Electrical Hazard,Low,Day,"Cloudy and dry, visibility good",portable lighting circuit,,2026-03-22T13:32:00+00:00,2026-03-22T13:54:00+00:00,submitted
88a09775-8737-4282-b391-620f9d069e65,INC-2026-000745,Babatunde Ogunleye,babatunde.ogunleye@example.com,Quality,Onshore Gas Processing Plant,Tank Farm,Vehicle Incident,Medium,Day,"Intermittent rain, humid conditions",telehandler,Eastern Plant Maintenance Ltd,2024-05-06T08:05:00+00:00,2024-05-06T08:56:00+00:00,investigation
d9561469-bdc5-42f8-a148-c6836c48953f,INC-2026-000746,Iniobong Akpan,iniobong.akpan@example.com,Drilling,Onshore Gas Processing Plant,Tank Farm,Oil/Chemical Spillage,Medium,Night,Hot and dry with light haze,pump seal assembly,,2026-03-24T20:57:00+00:00,2026-03-24T21:39:00+00:00,corrective_action
96bb9781-5a5a-4181-b769-02477e2d64fc,INC-2026-000747,Chukwuemeka Eze,chukwuemeka.eze@example.com,HSE,Onshore Gas Processing Plant,Process Train 1,Oil/Chemical Spillage,Low,Day,"Cloudy and dry, visibility good",pump seal assembly,,2024-02-16T11:31:00+00:00,2024-02-16T11:48:00+00:00,closed
32628d82-5dc8-4122-8118-e8a8b1c8b63d,INC-2026-000748,Musa Ibrahim,musa.ibrahim@example.com,Drilling,Eket Drilling Site,Rig Floor,Dropped Object,Low,Day,"Intermittent rain, humid conditions",portable sensor,,2025-08-23T10:45:00+00:00,2025-08-23T11:08:00+00:00,under_review
c3f9f5c2-aa1c-4a0e-947c-355789bada10,INC-2026-000749,Chinedu Okafor,chinedu.okafor@example.com,Maintenance,Eastern Flow Station,Pump House,Fire,Low,Afternoon,Heavy shower earlier; wet deck,hot-work area,,2025-05-12T18:50:00+00:00,2025-05-12T19:42:00+00:00,pending_verification
9e621bc4-3ed1-4777-be4c-c72083c9d551,INC-2026-000750,Tamuno George,tamuno.george@example.com,Quality,Onshore Gas Processing Plant,Tank Farm,Slip/Trip/Fall,Low,Afternoon,Hot and dry with light haze,temporary walkway,Coastal Integrity Nigeria Ltd,2024-11-10T18:23:00+00:00,2024-11-10T18:39:00+00:00,corrective_action
49e0d9fc-3e4b-43ae-b672-19f90d290d3d,INC-2026-000751,Chukwuemeka Eze,chukwuemeka.eze@example.com,Maintenance,Onshore,Control Room,Vehicle Incident,Medium,Night,"Warm, humid, rain clearing",light vehicle,Apex Marine Support Ltd,2023-09-30T06:25:00+00:00,2023-09-30T07:02:00+00:00,corrective_action
762a41c3-83c2-4172-b8b9-8db0bf2e1d2b,INC-2026-000752,Babatunde Ogunleye,babatunde.ogunleye@example.com,Maintenance,Akwa Ibom site,Operations Office,Near Miss,Medium,Day,Heavy shower earlier; wet deck,pressure gauge,Niger Delta Well Services Ltd,2025-05-13T11:12:00+00:00,2025-05-13T11:27:00+00:00,under_review
20ba0130-64f9-4bf5-aff6-aeee50d3c2e6,INC-2026-000753,Eno Etim,eno.etim@example.com,Quality,Onshore,Tank Farm,Near Miss,Medium,Day,Heavy shower earlier; wet deck,pressure gauge,,2024-06-02T08:57:00+00:00,2024-06-02T09:49:00+00:00,investigation
cb5047a6-cc68-49bd-a2f9-f7b77578d767,INC-2026-000754,Adaeze Nwosu,adaeze.nwosu@example.com,Logistics,Old site,Legacy Process Unit,Fire,Critical,Day,"Intermittent rain, humid conditions",hydraulic power pack,Niger Delta Well Services Ltd,2025-05-07T08:49:00+00:00,2025-05-07T09:14:00+00:00,submitted
36e0252f-cd9c-4275-a994-b364db20fa3e,INC-2026-000755,Musa Ibrahim,musa.ibrahim@example.com,Drilling,Eastern Flow Station,Pump House,Environmental Release,Low,Afternoon,Hot and dry with light haze,drain isolation valve,,2023-12-27T16:35:00+00:00,2023-12-27T16:52:00+00:00,submitted
a28e2c28-221f-44c5-981d-b8b0ff4345bb,INC-2026-000756,Sani Bello,sani.bello@example.com,Logistics,Eket Drilling Site,Rig Floor,Near Miss,Low,Afternoon,"Intermittent rain, humid conditions",pressure gauge,,2024-06-10T18:19:00+00:00,2024-06-10T18:58:00+00:00,investigation
fd3a9cfa-d8c1-4553-be1d-1a3101f5008d,INC-2026-000757,Chukwuemeka Eze,chukwuemeka.eze@example.com,Operations,Qua Iboe Logistics Yard,Marine Jetty,PPE Non-Compliance,Low,Night,Humid with calm wind,fall-arrest harness,Apex Marine Support Ltd,2026-01-30T06:18:00+00:00,2026-01-30T06:43:00+00:00,corrective_action
49820454-ad50-489f-8612-ea9c83c2dfb9,INC-2026-000758,Folake Oladipo,folake.oladipo@example.com,Quality,Offshore Platform Alpha,Production Deck,Dropped Object,High,Day,"Dry, dusty conditions",tag line hook,,2025-12-06T10:43:00+00:00,2025-12-06T11:16:00+00:00,corrective_action
6eba381b-0ed8-4032-9676-8f66efd77165,INC-2026-000759,Oluwaseun Adebayo,oluwaseun.adebayo@example.com,Operations,Offshore Platform Alpha,Drilling Deck,Dropped Object,Critical,Afternoon,Heavy shower earlier; wet deck,tag line hook,,2025-09-02T15:27:00+00:00,2025-09-02T16:15:00+00:00,pending_verification
ad901e82-ae45-45a3-93b8-fc84b3b1ed5b,INC-2026-000760,Chinedu Okafor,chinedu.okafor@example.com,Maintenance,Akwa Ibom site,Maintenance Workshop,PPE Non-Compliance,Low,Afternoon,"Cloudy and dry, visibility good",fall-arrest harness,Eastern Plant Maintenance Ltd,2025-12-20T18:56:00+00:00,2025-12-20T19:55:00+00:00,pending_verification
3811e1a4-d3a5-4310-abad-2f890d0791d3,INC-2026-000761,Chinedu Okafor,chinedu.okafor@example.com,Logistics,Offshore Platform Alpha,Production Deck,Environmental Release,Low,Day,Heavy shower earlier; wet deck,waste transfer hose,,2024-07-06T09:44:00+00:00,2024-07-06T10:16:00+00:00,submitted
2db2128e-2be1-4cb0-82b9-8974d4b73d9d,INC-2026-000762,Ifunanya Umeh,ifunanya.umeh@example.com,Drilling,Qua Iboe Logistics Yard,Warehouse,Electrical Hazard,Low,Day,"Cloudy and dry, visibility good",motor isolator,,2024-11-05T11:44:00+00:00,2024-11-05T12:10:00+00:00,closed
79e1898d-01c0-44e9-b633-6d4fe7cad750,INC-2026-000763,Temitope Balogun,temitope.balogun@example.com,Logistics,Eastern Flow Station,Pump House,Environmental Release,High,Afternoon,Heavy shower earlier; wet deck,drain isolation valve,Niger Delta Well Services Ltd,2024-06-20T16:13:00+00:00,2024-06-20T16:41:00+00:00,pending_verification
562a2344-df0c-4bd1-876d-f9149f7e126e,INC-2026-000764,Obinna Okeke,obinna.okeke@example.com,HSE,Old site,Legacy Process Unit,Near Miss,Medium,Day,"Intermittent rain, humid conditions",lifting sling,,2025-06-14T10:17:00+00:00,2025-06-14T10:59:00+00:00,pending_verification
fb43d89e-25c2-4310-bfff-4a507baae018,INC-2026-000765,Chukwuemeka Eze,chukwuemeka.eze@example.com,Maintenance,Marine Supply Base,Marine Jetty,Vehicle Incident,Low,Night,"Warm, humid, rain clearing",telehandler,Niger Delta Well Services Ltd,2025-08-16T06:58:00+00:00,2025-08-16T07:30:00+00:00,under_review
3b9cd5b1-a465-4278-a94a-3f5537d29b33,INC-2026-000766,Bashir Shehu,bashir.shehu@example.com,Logistics,Onshore Gas Processing Plant,Gas Compression Unit,Electrical Hazard,Medium,Day,Heavy shower earlier; wet deck,junction box,,2024-10-17T09:12:00+00:00,2024-10-17T10:02:00+00:00,investigation
4c0b22e6-e9c0-4409-90fb-0fd4ce8faa90,INC-2026-000767,Babatunde Ogunleye,babatunde.ogunleye@example.com,HSE,Eket Drilling Site,Rig Floor,Dropped Object,High,Afternoon,Hot and dry with light haze,portable sensor,,2026-01-16T18:18:00+00:00,2026-01-16T19:17:00+00:00,closed
a216ab3b-a768-4f9a-bcde-db7a5cbcbc6a,INC-2026-000768,Adaeze Nwosu,adaeze.nwosu@example.com,Operations,Onshore,Process Train,Near Miss,Low,Day,Humid with calm wind,pipe handling tool,Eastern Plant Maintenance Ltd,2026-02-05T11:36:00+00:00,2026-02-05T12:31:00+00:00,investigation
d2f55a67-92f5-4e3d-ac60-06e458cdae7c,INC-2026-000769,Adaeze Nwosu,adaeze.nwosu@example.com,Logistics,Offshore Platform Alpha,Production Deck,Fire,Critical,Day,"Warm, humid, rain clearing",hydraulic power pack,,2025-06-10T13:33:00+00:00,2025-06-10T13:54:00+00:00,closed
f85de424-c144-4a64-88c0-d4c8bd2887eb,INC-2026-000770,Chukwuemeka Eze,chukwuemeka.eze@example.com,Logistics,Eket Drilling Site,Mud Plant,PPE Non-Compliance,High,Day,"Warm, humid, rain clearing",respiratory protection set,,2026-08-14T10:20:00+00:00,2026-08-14T10:40:00+00:00,submitted
3e3d0370-905c-4c84-b634-5436e3af3978,INC-2026-000771,Chinedu Okafor,chinedu.okafor@example.com,Drilling,Onshore,Tank Farm,Near Miss,High,Day,"Warm, humid, rain clearing",pressure gauge,,2025-06-23T14:27:00+00:00,2025-06-23T15:13:00+00:00,investigation
a5280142-10df-42c9-99d1-41728bfd22fd,INC-2026-000772,Babatunde Ogunleye,babatunde.ogunleye@example.com,Drilling,Marine Supply Base,Marine Jetty,Near Miss,Low,Day,"Cloudy and dry, visibility good",pipe handling tool,,2023-12-25T08:55:00+00:00,2023-12-25T09:54:00+00:00,investigation
979d872a-c2f3-41c7-ac95-795368ddf663,INC-2026-000773,Musa Ibrahim,musa.ibrahim@example.com,Logistics,Old site,Legacy Process Unit,Slip/Trip/Fall,Medium,Night,"Cloudy and dry, visibility good",grating panel,,2024-01-17T20:17:00+00:00,2024-01-17T21:06:00+00:00,corrective_action
358fc9d5-4e6b-4e25-ab79-d4f29cb57a16,INC-2026-000774,Temitope Balogun,temitope.balogun@example.com,HSE,Marine Supply Base,Marine Jetty,Near Miss,Low,Afternoon,Humid with calm wind,lifting sling,,2026-01-12T18:51:00+00:00,2026-01-12T19:45:00+00:00,corrective_action
39a21be8-886f-4e1b-b931-43d48515c1eb,INC-2026-000775,Zainab Yusuf,zainab.yusuf@example.com,Operations,Eastern Flow Station,Pump House,Equipment Failure,Low,Afternoon,Heavy shower earlier; wet deck,process valve actuator,Coastal Integrity Nigeria Ltd,2025-07-25T18:06:00+00:00,2025-07-25T18:59:00+00:00,under_review
49f9cfc3-63c2-4c4b-997c-4f71b1ee0d21,INC-2026-000776,Ifunanya Umeh,ifunanya.umeh@example.com,Drilling,New site,Rig Floor,Near Miss,Low,Day,Hot and dry with light haze,lifting sling,Eastern Plant Maintenance Ltd,2025-01-04T11:16:00+00:00,2025-01-04T11:52:00+00:00,submitted
3e25c7b5-ec3b-4d1c-bbf6-d479e16419bc,INC-2026-000777,Folake Oladipo,folake.oladipo@example.com,Drilling,Onshore Gas Processing Plant,Process Train 1,Electrical Hazard,Low,Afternoon,Humid with calm wind,temporary power cable,,2026-02-13T18:45:00+00:00,2026-02-13T19:23:00+00:00,corrective_action
dcc0d792-34d3-4099-b300-cb6db34518da,INC-2026-000778,Babatunde Ogunleye,babatunde.ogunleye@example.com,Quality,Eastern Flow Station,Separator Area,Environmental Release,Low,Night,"Dry, dusty conditions",waste transfer hose,,2025-01-21T20:18:00+00:00,2025-01-21T21:04:00+00:00,investigation
3104acce-8032-419d-a4c9-8455df2e8cd3,INC-2026-000779,Adaeze Nwosu,adaeze.nwosu@example.com,HSE,Marine Supply Base,Warehouse,Vehicle Incident,Low,Day,"Warm, humid, rain clearing",light vehicle,,2025-06-06T09:20:00+00:00,2025-06-06T10:14:00+00:00,investigation
fd545904-25f5-444a-8b56-b6bed4bc36d9,INC-2026-000780,Babatunde Ogunleye,babatunde.ogunleye@example.com,Maintenance,Onshore Gas Processing Plant,Tank Farm,Vehicle Incident,Medium,Day,"Warm, humid, rain clearing",service truck,,2024-09-02T07:46:00+00:00,2024-09-02T08:39:00+00:00,corrective_action
6aa0c19e-6dcf-456c-813b-133f5cc40230,INC-2026-000781,Aisha Abdullahi,aisha.abdullahi@example.com,Maintenance,Eastern Flow Station,Pump House,Equipment Failure,High,Day,"Cloudy and dry, visibility good",lifting winch,Eastern Plant Maintenance Ltd,2024-12-21T09:59:00+00:00,2024-12-21T10:26:00+00:00,corrective_action
509f82f4-ee1d-4443-8a29-8eaa776724bb,INC-2026-000782,Babatunde Ogunleye,babatunde.ogunleye@example.com,Logistics,Marine Supply Base,Marine Jetty,Fire,Low,Afternoon,Overcast with light rain,electrical distribution board,Eastern Plant Maintenance Ltd,2024-06-05T16:25:00+00:00,2024-06-05T17:17:00+00:00,under_review
7902caf6-8420-4696-bc0e-0fc380ef4eef,INC-2026-000783,Bashir Shehu,bashir.shehu@example.com,Maintenance,Akwa Ibom site,Maintenance Workshop,Fire,Medium,Day,Overcast with light rain,hydraulic power pack,Niger Delta Well Services Ltd,2026-06-12T07:40:00+00:00,2026-06-12T07:56:00+00:00,investigation
a345a762-3201-447b-b107-b3db04d59ec5,INC-2026-000784,Obinna Okeke,obinna.okeke@example.com,Quality,Onshore,Process Train,Electrical Hazard,Low,Day,"Dry, dusty conditions",motor isolator,,2024-01-30T08:49:00+00:00,2024-01-30T09:08:00+00:00,closed
f7b7ca6d-e74f-4212-8a09-c24870a83e10,INC-2026-000785,Adaeze Nwosu,adaeze.nwosu@example.com,HSE,Akwa Ibom site,Materials Yard,Near Miss,Low,Day,Heavy shower earlier; wet deck,mobile work platform,,2026-06-07T07:32:00+00:00,2026-06-07T07:47:00+00:00,investigation
22f3b998-3323-4b10-815e-6d6447920d03,INC-2026-000786,Chukwuemeka Eze,chukwuemeka.eze@example.com,Drilling,Old site,Legacy Process Unit,Equipment Failure,Low,Day,"Warm, humid, rain clearing",centrifugal pump,,2024-06-12T14:45:00+00:00,2024-06-12T15:09:00+00:00,corrective_action
3fd4c786-06a0-4872-8e7a-774c6e2a9035,INC-2026-000787,Iniobong Akpan,iniobong.akpan@example.com,HSE,Qua Iboe Logistics Yard,Warehouse,Vehicle Incident,Low,Day,"Intermittent rain, humid conditions",service truck,,2024-07-09T11:06:00+00:00,2024-07-09T12:01:00+00:00,corrective_action
d6cdd104-489b-4480-a683-7517d18fb5fe,INC-2026-000788,Temitope Balogun,temitope.balogun@example.com,Operations,Onshore,Tank Farm,Oil/Chemical Spillage,Critical,Day,"Intermittent rain, humid conditions",diesel day tank connection,Apex Marine Support Ltd,2026-06-11T13:44:00+00:00,2026-06-11T13:59:00+00:00,corrective_action
3a2c935f-ccbf-4bd4-8414-67f19c6b1c06,INC-2026-000789,Eno Etim,eno.etim@example.com,Quality,New site,Site Camp,Near Miss,High,Day,Heavy shower earlier; wet deck,pipe handling tool,,2024-10-24T11:57:00+00:00,2024-10-24T12:23:00+00:00,investigation
4db77b1d-a081-4228-a4d7-853c441a1065,INC-2026-000790,Chukwuemeka Eze,chukwuemeka.eze@example.com,Drilling,Eastern Flow Station,Separator Area,Oil/Chemical Spillage,Medium,Day,"Warm, humid, rain clearing",lubricant tote valve,,2026-06-10T13:40:00+00:00,2026-06-10T14:11:00+00:00,submitted
c50e4819-bc36-4348-84bb-d73e14beb759,INC-2026-000791,Aisha Abdullahi,aisha.abdullahi@example.com,Drilling,Offshore Platform Alpha,Helideck,Fire,High,Day,Heavy shower earlier; wet deck,portable generator,,2023-09-29T07:40:00+00:00,2023-09-29T08:09:00+00:00,investigation
cd802191-3c5b-423c-86f5-1cb5bd763fd8,INC-2026-000792,Musa Ibrahim,musa.ibrahim@example.com,Logistics,Onshore,Tank Farm,Vehicle Incident,Low,Day,"Dry, dusty conditions",forklift,Coastal Integrity Nigeria Ltd,2023-11-21T09:25:00+00:00,2023-11-21T09:45:00+00:00,pending_verification
c013470d-01f7-42c2-b52c-fa9350327c92,INC-2026-000793,Temitope Balogun,temitope.balogun@example.com,Logistics,Qua Iboe Logistics Yard,Warehouse,Near Miss,Medium,Night,"Cloudy and dry, visibility good",pipe handling tool,,2025-02-27T20:49:00+00:00,2025-02-27T21:31:00+00:00,corrective_action
8d5eb0f2-8b07-49a7-9cf1-ea2af5072dd5,INC-2026-000794,Eno Etim,eno.etim@example.com,Logistics,Onshore,Process Train,Near Miss,High,Night,Heavy shower earlier; wet deck,pressure gauge,,2025-06-02T06:21:00+00:00,2025-06-02T07:12:00+00:00,corrective_action
eba3cbeb-e6bf-4424-879e-766a8c878bf0,INC-2026-000795,Aisha Abdullahi,aisha.abdullahi@example.com,Quality,Old site,Legacy Process Unit,Near Miss,Medium,Afternoon,"Dry, dusty conditions",mobile work platform,,2026-04-01T15:04:00+00:00,2026-04-01T15:53:00+00:00,corrective_action
dcb4f84e-413b-4cad-afaa-33ab47e51c30,INC-2026-000796,Babatunde Ogunleye,babatunde.ogunleye@example.com,Operations,Eastern Flow Station,Separator Area,Near Miss,Low,Day,"Cloudy and dry, visibility good",lifting sling,Apex Marine Support Ltd,2026-03-15T09:27:00+00:00,2026-03-15T10:20:00+00:00,submitted
7fc74305-91da-478c-a5b0-ccfb5681d1c6,INC-2026-000797,Chinedu Okafor,chinedu.okafor@example.com,HSE,Qua Iboe Logistics Yard,Warehouse,Near Miss,Critical,Night,Humid with calm wind,pipe handling tool,,2026-04-30T20:18:00+00:00,2026-04-30T20:56:00+00:00,submitted
42f753f8-f716-4936-b757-2ff94695c2cd,INC-2026-000798,Obinna Okeke,obinna.okeke@example.com,Maintenance,Eastern Flow Station,Emergency Assembly Point,Near Miss,Low,Afternoon,Hot and dry with light haze,pressure gauge,,2025-03-29T15:32:00+00:00,2025-03-29T15:48:00+00:00,investigation
6cf2ef1c-8eba-45c4-9325-c531157df677,INC-2026-000799,Sani Bello,sani.bello@example.com,Maintenance,Eastern Flow Station,Pump House,Near Miss,Critical,Day,"Cloudy and dry, visibility good",mobile work platform,,2024-01-14T08:32:00+00:00,2024-01-14T08:59:00+00:00,under_review
54966384-0510-4c60-a043-c05dc2ae5171,INC-2026-000800,Zainab Yusuf,zainab.yusuf@example.com,Maintenance,Marine Supply Base,Vehicle Yard,PPE Non-Compliance,Low,Night,"Intermittent rain, humid conditions",respiratory protection set,,2025-05-31T06:26:00+00:00,2025-05-31T06:59:00+00:00,pending_verification
47dd5baf-ff4e-477a-8382-a9d8dc6de228,INC-2026-000801,Bashir Shehu,bashir.shehu@example.com,Logistics,Old site,Legacy Process Unit,Equipment Failure,Low,Afternoon,"Intermittent rain, humid conditions",air compressor,,2026-06-13T18:25:00+00:00,2026-06-13T18:54:00+00:00,investigation
8015ad66-3300-4675-93bf-313ce549d43a,INC-2026-000802,Ifunanya Umeh,ifunanya.umeh@example.com,Operations,New site,Well Pad,PPE Non-Compliance,Low,Day,Heavy shower earlier; wet deck,eye protection,,2025-10-20T07:07:00+00:00,2025-10-20T07:37:00+00:00,closed
2245a018-3f67-40e9-b95f-4440ceae5ee9,INC-2026-000803,Oluwaseun Adebayo,oluwaseun.adebayo@example.com,Maintenance,Offshore Platform Alpha,Helideck,Near Miss,Critical,Day,Overcast with light rain,pressure gauge,,2024-06-05T10:50:00+00:00,2024-06-05T11:36:00+00:00,investigation
a643898b-2993-463a-ae67-1a943cda4610,INC-2026-000804,Chinedu Okafor,chinedu.okafor@example.com,Drilling,Offshore Platform Alpha,Helideck,Dropped Object,High,Night,Overcast with light rain,spanner set,,2025-07-05T06:39:00+00:00,2025-07-05T07:34:00+00:00,investigation
f3b80c35-8cd8-44b0-9832-c2b0ae254906,INC-2026-000805,Temitope Balogun,temitope.balogun@example.com,Maintenance,Eket Drilling Site,Mud Plant,Equipment Failure,Medium,Day,"Intermittent rain, humid conditions",process valve actuator,,2024-06-25T07:38:00+00:00,2024-06-25T08:03:00+00:00,pending_verification
cd69fd6b-2ba6-43fa-8c99-958d432e6bf0,INC-2026-000806,Obinna Okeke,obinna.okeke@example.com,Quality,Offshore Platform Alpha,Production Deck,Oil/Chemical Spillage,Low,Afternoon,"Intermittent rain, humid conditions",diesel day tank connection,Eastern Plant Maintenance Ltd,2026-08-28T18:23:00+00:00,2026-08-28T18:57:00+00:00,pending_verification
c1c392ac-6dee-4922-9135-864ef64412ca,INC-2026-000807,Adeola Adeyemi,adeola.adeyemi@example.com,Quality,Qua Iboe Logistics Yard,Warehouse,Vehicle Incident,Medium,Afternoon,"Warm, humid, rain clearing",forklift,,2025-09-08T16:02:00+00:00,2025-09-08T16:53:00+00:00,closed
b08046bd-3929-4683-9517-6d72bd50ca4b,INC-2026-000808,Adeola Adeyemi,adeola.adeyemi@example.com,Maintenance,Eket Drilling Site,Mud Plant,Fire,Low,Afternoon,"Cloudy and dry, visibility good",hydraulic power pack,,2025-11-16T15:11:00+00:00,2025-11-16T16:09:00+00:00,closed
7d949634-7761-43dc-bb79-e92ee7a6aa14,INC-2026-000809,Adaeze Nwosu,adaeze.nwosu@example.com,Operations,Offshore Platform Alpha,Production Deck,Oil/Chemical Spillage,High,Day,"Intermittent rain, humid conditions",pump seal assembly,,2025-08-21T07:17:00+00:00,2025-08-21T07:44:00+00:00,submitted
f5bc5451-7985-4fc5-9a98-a2281f4e1da5,INC-2026-000810,Adeola Adeyemi,adeola.adeyemi@example.com,HSE,Onshore,Process Train,Vehicle Incident,High,Afternoon,"Warm, humid, rain clearing",light vehicle,,2026-05-31T15:05:00+00:00,2026-05-31T15:32:00+00:00,submitted
0cf40383-d37d-4a17-abc1-41def20cb912,INC-2026-000811,Bashir Shehu,bashir.shehu@example.com,Maintenance,Onshore,Process Train,Equipment Failure,Low,Afternoon,"Cloudy and dry, visibility good",process valve actuator,Eastern Plant Maintenance Ltd,2024-04-18T16:50:00+00:00,2024-04-18T17:36:00+00:00,corrective_action
3770010d-879c-49cd-bea6-799eb264c3b9,INC-2026-000812,Obinna Okeke,obinna.okeke@example.com,Maintenance,New site,Well Pad,Slip/Trip/Fall,Low,Afternoon,"Warm, humid, rain clearing",temporary walkway,,2025-05-16T15:54:00+00:00,2025-05-16T16:14:00+00:00,closed
4ecead73-dfe7-47bb-a4b7-1d50278f3778,INC-2026-000813,Adeola Adeyemi,adeola.adeyemi@example.com,Maintenance,Eastern Flow Station,Pump House,Fire,Low,Day,Hot and dry with light haze,portable generator,Coastal Integrity Nigeria Ltd,2025-01-10T08:29:00+00:00,2025-01-10T08:59:00+00:00,closed
8e7deff1-bb90-48cc-999b-d478225f1a16,INC-2026-000814,Babatunde Ogunleye,babatunde.ogunleye@example.com,HSE,Onshore Gas Processing Plant,Process Train 1,Environmental Release,Medium,Day,Heavy shower earlier; wet deck,produced-water line,,2024-08-22T14:28:00+00:00,2024-08-22T15:05:00+00:00,submitted
accd75e4-6ed5-4e47-bb58-e620e979afc7,INC-2026-000815,Babatunde Ogunleye,babatunde.ogunleye@example.com,Quality,Qua Iboe Logistics Yard,Warehouse,Slip/Trip/Fall,Low,Night,"Dry, dusty conditions",temporary walkway,,2023-11-29T20:54:00+00:00,2023-11-29T21:32:00+00:00,submitted
c46dc5d1-d593-4755-8d64-0181907e33fd,INC-2026-000816,Obinna Okeke,obinna.okeke@example.com,Logistics,Marine Supply Base,Vehicle Yard,Near Miss,Low,Day,Humid with calm wind,mobile work platform,,2025-02-28T14:19:00+00:00,2025-02-28T14:42:00+00:00,under_review
f55115aa-86fe-4666-a4a5-7c4ef3694055,INC-2026-000817,Ifunanya Umeh,ifunanya.umeh@example.com,Maintenance,Old site,Power House,Near Miss,Low,Day,Heavy shower earlier; wet deck,lifting sling,Eastern Plant Maintenance Ltd,2025-07-14T09:09:00+00:00,2025-07-14T09:57:00+00:00,corrective_action
72176072-8fe9-4662-a833-e6907caffc54,INC-2026-000818,Ifunanya Umeh,ifunanya.umeh@example.com,Maintenance,Onshore Gas Processing Plant,Gas Compression Unit,Vehicle Incident,Critical,Afternoon,"Intermittent rain, humid conditions",light vehicle,,2024-06-05T16:00:00+00:00,2024-06-05T16:50:00+00:00,corrective_action
81085e9e-d077-4d51-bcba-e5c5296cded8,INC-2026-000819,Sani Bello,sani.bello@example.com,Logistics,Onshore,Process Train,Electrical Hazard,High,Night,Heavy shower earlier; wet deck,temporary power cable,,2025-05-08T06:24:00+00:00,2025-05-08T06:59:00+00:00,under_review
68a6f701-0ac2-4ce0-8faa-d66a73c34014,INC-2026-000820,Babatunde Ogunleye,babatunde.ogunleye@example.com,Logistics,Akwa Ibom site,Operations Office,Slip/Trip/Fall,Medium,Afternoon,"Intermittent rain, humid conditions",cable ramp,,2024-05-10T16:21:00+00:00,2024-05-10T17:01:00+00:00,submitted
3fe71838-e372-4a47-9c2a-0f85650f0a4b,INC-2026-000821,Temitope Balogun,temitope.balogun@example.com,Maintenance,Onshore Gas Processing Plant,Process Train 1,Vehicle Incident,Medium,Night,"Intermittent rain, humid conditions",light vehicle,,2025-07-30T20:07:00+00:00,2025-07-30T20:25:00+00:00,under_review
a98ffe0a-dd19-4815-8f7e-47d82addbe5a,INC-2026-000822,Adaeze Nwosu,adaeze.nwosu@example.com,Operations,Offshore Platform Alpha,Production Deck,Dropped Object,Medium,Night,"Intermittent rain, humid conditions",portable sensor,,2025-05-24T20:20:00+00:00,2025-05-24T20:52:00+00:00,under_review
d1bf1f26-c83c-440d-bf16-f14649d5815b,INC-2026-000823,Adaeze Nwosu,adaeze.nwosu@example.com,Maintenance,Onshore Gas Processing Plant,Gas Compression Unit,Near Miss,Low,Day,Overcast with light rain,pressure gauge,Niger Delta Well Services Ltd,2026-06-18T07:58:00+00:00,2026-06-18T08:54:00+00:00,closed
3d7941d0-b92e-4353-b41b-e60fc032a058,INC-2026-000824,Oluwaseun Adebayo,oluwaseun.adebayo@example.com,Maintenance,Onshore,Process Train,Oil/Chemical Spillage,Low,Afternoon,Overcast with light rain,lubricant tote valve,Coastal Integrity Nigeria Ltd,2024-07-02T18:42:00+00:00,2024-07-02T19:16:00+00:00,investigation
c05ecb53-8201-414b-ba89-bfa55c343ba0,INC-2026-000825,Ifunanya Umeh,ifunanya.umeh@example.com,Logistics,Eket Drilling Site,Rig Floor,Dropped Object,High,Day,"Warm, humid, rain clearing",tag line hook,Coastal Integrity Nigeria Ltd,2023-10-17T11:49:00+00:00,2023-10-17T12:23:00+00:00,investigation
e74df15b-6cb8-46cb-847f-159f3f276c99,INC-2026-000826,Babatunde Ogunleye,babatunde.ogunleye@example.com,Drilling,Akwa Ibom site,Maintenance Workshop,Slip/Trip/Fall,Low,Day,Humid with calm wind,access stair tread,,2023-12-11T13:00:00+00:00,2023-12-11T13:18:00+00:00,investigation
9fedb4a4-0683-432a-b287-e1269492a146,INC-2026-000827,Adaeze Nwosu,adaeze.nwosu@example.com,Maintenance,Eket Drilling Site,Rig Floor,Dropped Object,Medium,Night,"Intermittent rain, humid conditions",tag line hook,,2025-06-25T20:22:00+00:00,2025-06-25T20:43:00+00:00,corrective_action
a378b990-a3c6-4b8c-be38-feb31d09ad5b,INC-2026-000828,Musa Ibrahim,musa.ibrahim@example.com,Operations,Eastern Flow Station,Pump House,Oil/Chemical Spillage,High,Day,Overcast with light rain,lubricant tote valve,,2026-06-08T08:31:00+00:00,2026-06-08T09:12:00+00:00,corrective_action
36a6834f-68c4-4975-9231-71a8dc200f41,INC-2026-000829,Ifunanya Umeh,ifunanya.umeh@example.com,HSE,Onshore,Process Train,Fire,Medium,Afternoon,"Cloudy and dry, visibility good",electrical distribution board,,2026-03-05T18:21:00+00:00,2026-03-05T19:16:00+00:00,investigation
55a17a41-36e1-4b9c-ae20-b3e5cfd138cb,INC-2026-000830,Obinna Okeke,obinna.okeke@example.com,Operations,Old site,Assembly Point,Near Miss,Critical,Day,"Intermittent rain, humid conditions",lifting sling,Eastern Plant Maintenance Ltd,2024-06-09T08:26:00+00:00,2024-06-09T08:51:00+00:00,corrective_action
de9590e6-db05-422a-a5ad-06484d7effc3,INC-2026-000831,Musa Ibrahim,musa.ibrahim@example.com,Quality,Onshore,Process Train,Electrical Hazard,Low,Day,Hot and dry with light haze,portable lighting circuit,,2025-01-15T07:07:00+00:00,2025-01-15T07:46:00+00:00,submitted
f077d706-7add-4ef7-b01e-0dc6843334dc,INC-2026-000832,Oluwaseun Adebayo,oluwaseun.adebayo@example.com,HSE,Qua Iboe Logistics Yard,Vehicle Yard,Slip/Trip/Fall,High,Day,Heavy shower earlier; wet deck,access stair tread,,2026-06-17T10:28:00+00:00,2026-06-17T11:06:00+00:00,closed
fe71ebc1-83fe-40af-b5cf-074b2632a39f,INC-2026-000833,Adaeze Nwosu,adaeze.nwosu@example.com,HSE,Offshore Platform Alpha,Production Deck,Oil/Chemical Spillage,Critical,Day,Overcast with light rain,pump seal assembly,Niger Delta Well Services Ltd,2025-06-15T11:57:00+00:00,2025-06-15T12:35:00+00:00,closed
0a8172a2-f3f9-4b9b-bc86-59592d0f3c5e,INC-2026-000834,Zainab Yusuf,zainab.yusuf@example.com,Logistics,Onshore Gas Processing Plant,Gas Compression Unit,Slip/Trip/Fall,Low,Afternoon,"Warm, humid, rain clearing",access stair tread,,2023-09-29T15:38:00+00:00,2023-09-29T16:05:00+00:00,submitted
28831661-66a1-44d2-8f55-6dc0760308e1,INC-2026-000835,Bashir Shehu,bashir.shehu@example.com,Maintenance,Offshore Platform Alpha,Production Deck,Slip/Trip/Fall,Low,Day,Heavy shower earlier; wet deck,grating panel,,2026-08-28T14:34:00+00:00,2026-08-28T15:26:00+00:00,under_review
fa9be71f-beb0-4579-a0f1-91afa3489b99,INC-2026-000836,Musa Ibrahim,musa.ibrahim@example.com,HSE,Akwa Ibom site,Maintenance Workshop,Fire,Low,Day,"Intermittent rain, humid conditions",portable generator,,2024-10-31T10:02:00+00:00,2024-10-31T10:43:00+00:00,submitted
33399c8f-cc88-4628-8ab9-4afb09286724,INC-2026-000837,Sani Bello,sani.bello@example.com,Logistics,Qua Iboe Logistics Yard,Warehouse,Slip/Trip/Fall,Low,Day,"Dry, dusty conditions",access stair tread,,2024-03-05T14:38:00+00:00,2024-03-05T15:22:00+00:00,pending_verification
9c041487-8ebd-4bf2-948c-672b29dd93b9,INC-2026-000838,Ifunanya Umeh,ifunanya.umeh@example.com,Drilling,Onshore,Tank Farm,Oil/Chemical Spillage,Low,Day,Hot and dry with light haze,pump seal assembly,,2026-04-15T08:15:00+00:00,2026-04-15T09:00:00+00:00,under_review
adb8591d-374e-44dd-bab0-a850725ed030,INC-2026-000839,Chinedu Okafor,chinedu.okafor@example.com,Operations,Onshore Gas Processing Plant,Process Train 1,Equipment Failure,Low,Night,Heavy shower earlier; wet deck,centrifugal pump,Apex Marine Support Ltd,2026-08-14T20:09:00+00:00,2026-08-14T20:52:00+00:00,investigation
902c9695-9a2e-412e-8907-ff670f7aef91,INC-2026-000840,Ifunanya Umeh,ifunanya.umeh@example.com,HSE,Eastern Flow Station,Pump House,Oil/Chemical Spillage,Low,Afternoon,"Dry, dusty conditions",diesel day tank connection,,2024-01-26T16:35:00+00:00,2024-01-26T16:50:00+00:00,submitted
09ffcc31-867b-44f8-9d08-deb604bf8ee7,INC-2026-000841,Chukwuemeka Eze,chukwuemeka.eze@example.com,Maintenance,Marine Supply Base,Warehouse,Slip/Trip/Fall,Critical,Day,"Warm, humid, rain clearing",grating panel,,2024-10-08T07:18:00+00:00,2024-10-08T08:12:00+00:00,investigation
c9534d9c-5721-4678-b944-8345f13e616d,INC-2026-000842,Bashir Shehu,bashir.shehu@example.com,Drilling,Offshore Platform Alpha,Helideck,Near Miss,Low,Afternoon,Humid with calm wind,pressure gauge,,2026-01-24T18:18:00+00:00,2026-01-24T19:09:00+00:00,corrective_action
75e18e4b-d0fb-476b-a87e-3bd0e2f0cf3d,INC-2026-000843,Adeola Adeyemi,adeola.adeyemi@example.com,Drilling,Qua Iboe Logistics Yard,Warehouse,Near Miss,Medium,Day,Heavy shower earlier; wet deck,mobile work platform,Eastern Plant Maintenance Ltd,2025-06-15T14:33:00+00:00,2025-06-15T15:17:00+00:00,investigation
9b705647-a5d7-4c42-b396-517fbadd4b90,INC-2026-000844,Chinedu Okafor,chinedu.okafor@example.com,Operations,Eket Drilling Site,Well Pad,Near Miss,High,Day,"Warm, humid, rain clearing",pipe handling tool,,2026-06-06T09:31:00+00:00,2026-06-06T10:07:00+00:00,corrective_action
bf7fad2b-9e86-4f2a-8739-554a7b377c18,INC-2026-000845,Adeola Adeyemi,adeola.adeyemi@example.com,HSE,Onshore Gas Processing Plant,Tank Farm,Near Miss,Medium,Afternoon,Humid with calm wind,mobile work platform,,2024-12-05T16:06:00+00:00,2024-12-05T16:23:00+00:00,corrective_action
9ee04306-8b6d-411c-a04a-a534eeba52a5,INC-2026-000846,Babatunde Ogunleye,babatunde.ogunleye@example.com,Maintenance,Akwa Ibom site,Materials Yard,Near Miss,Critical,Day,Heavy shower earlier; wet deck,lifting sling,,2025-08-04T14:37:00+00:00,2025-08-04T14:57:00+00:00,closed
fd01988e-7238-4148-899c-8faac976bb26,INC-2026-000847,Chukwuemeka Eze,chukwuemeka.eze@example.com,Logistics,Eastern Flow Station,Pump House,Slip/Trip/Fall,High,Day,"Intermittent rain, humid conditions",cable ramp,,2025-07-19T09:36:00+00:00,2025-07-19T10:04:00+00:00,corrective_action
d663b111-4dc7-460d-941d-6099b1ff70f9,INC-2026-000848,Eno Etim,eno.etim@example.com,Maintenance,New site,Site Camp,Near Miss,Low,Afternoon,"Intermittent rain, humid conditions",pipe handling tool,,2026-05-11T15:33:00+00:00,2026-05-11T16:07:00+00:00,pending_verification
282ce99c-78dc-482a-bfd2-207d88b17f81,INC-2026-000849,Chukwuemeka Eze,chukwuemeka.eze@example.com,Quality,Qua Iboe Logistics Yard,Vehicle Yard,Near Miss,High,Day,Hot and dry with light haze,mobile work platform,,2026-04-22T10:37:00+00:00,2026-04-22T11:19:00+00:00,pending_verification
09360176-c3b7-4349-90aa-9e27ec7fe44d,INC-2026-000850,Adaeze Nwosu,adaeze.nwosu@example.com,Logistics,Onshore Gas Processing Plant,Gas Compression Unit,Near Miss,Critical,Day,"Warm, humid, rain clearing",mobile work platform,,2025-07-07T11:15:00+00:00,2025-07-07T12:13:00+00:00,submitted
c5d79631-6af5-491c-b037-724929e287b5,INC-2026-000851,Chinedu Okafor,chinedu.okafor@example.com,Logistics,Qua Iboe Logistics Yard,Marine Jetty,Slip/Trip/Fall,Low,Night,"Intermittent rain, humid conditions",grating panel,Apex Marine Support Ltd,2024-07-22T06:11:00+00:00,2024-07-22T06:32:00+00:00,corrective_action
46b7a308-c8dd-46b6-a4fa-2e2c22a0da69,INC-2026-000852,Adaeze Nwosu,adaeze.nwosu@example.com,Maintenance,Onshore,Process Train,Fire,Medium,Day,Overcast with light rain,hydraulic power pack,Eastern Plant Maintenance Ltd,2025-05-03T11:58:00+00:00,2025-05-03T12:24:00+00:00,investigation
0de5e34f-a382-4f63-a0e3-902eb4833655,INC-2026-000853,Eno Etim,eno.etim@example.com,HSE,Eastern Flow Station,Separator Area,PPE Non-Compliance,Medium,Afternoon,"Warm, humid, rain clearing",respiratory protection set,,2025-05-22T15:00:00+00:00,2025-05-22T15:25:00+00:00,closed
d4411e92-a1c4-4d51-a57c-20655e1bb01f,INC-2026-000854,Obinna Okeke,obinna.okeke@example.com,Maintenance,Marine Supply Base,Vehicle Yard,Slip/Trip/Fall,High,Day,Overcast with light rain,cable ramp,,2024-05-01T13:15:00+00:00,2024-05-01T14:13:00+00:00,corrective_action
d7d1a9c9-2566-425e-a901-50c0374efed6,INC-2026-000855,Bashir Shehu,bashir.shehu@example.com,Maintenance,Akwa Ibom site,Maintenance Workshop,PPE Non-Compliance,Medium,Day,"Intermittent rain, humid conditions",eye protection,Coastal Integrity Nigeria Ltd,2024-07-25T09:33:00+00:00,2024-07-25T10:15:00+00:00,under_review
559409b2-8d8d-445e-b350-da29e5db2a61,INC-2026-000856,Babatunde Ogunleye,babatunde.ogunleye@example.com,Operations,Old site,Power House,Electrical Hazard,Medium,Day,Heavy shower earlier; wet deck,motor isolator,,2025-08-07T08:50:00+00:00,2025-08-07T09:26:00+00:00,closed
9d650d23-8e02-4edc-a1f1-39d521b961e1,INC-2026-000857,Chukwuemeka Eze,chukwuemeka.eze@example.com,HSE,Offshore Platform Alpha,Production Deck,Oil/Chemical Spillage,Medium,Day,Heavy shower earlier; wet deck,chemical transfer hose,,2023-09-30T11:20:00+00:00,2023-09-30T12:00:00+00:00,closed
cc62ea2f-1596-42fe-b9d8-708334583bb1,INC-2026-000858,Chinedu Okafor,chinedu.okafor@example.com,Quality,Eastern Flow Station,Pump House,Slip/Trip/Fall,Low,Day,"Intermittent rain, humid conditions",access stair tread,,2026-07-21T13:55:00+00:00,2026-07-21T14:53:00+00:00,submitted
2fa4b03c-df4b-4b6e-ae05-3a056ee631c7,INC-2026-000859,Adaeze Nwosu,adaeze.nwosu@example.com,HSE,Onshore,Tank Farm,Vehicle Incident,High,Day,Hot and dry with light haze,forklift,Coastal Integrity Nigeria Ltd,2025-01-28T11:53:00+00:00,2025-01-28T12:22:00+00:00,pending_verification
f9a90287-6fea-4e58-b768-09f60dc22766,INC-2026-000860,Aisha Abdullahi,aisha.abdullahi@example.com,Maintenance,Qua Iboe Logistics Yard,Warehouse,Slip/Trip/Fall,Medium,Day,Humid with calm wind,grating panel,Niger Delta Well Services Ltd,2023-11-06T10:31:00+00:00,2023-11-06T11:05:00+00:00,pending_verification
8e0c5614-3196-48f5-9276-5266f4dcadad,INC-2026-000861,Folake Oladipo,folake.oladipo@example.com,Drilling,Eastern Flow Station,Emergency Assembly Point,Slip/Trip/Fall,Medium,Day,Humid with calm wind,temporary walkway,,2025-04-03T13:06:00+00:00,2025-04-03T13:43:00+00:00,investigation
0c70ab4d-112a-4f7f-b82d-638eef6f37ff,INC-2026-000862,Adaeze Nwosu,adaeze.nwosu@example.com,Operations,Eastern Flow Station,Separator Area,Environmental Release,Critical,Day,Heavy shower earlier; wet deck,waste transfer hose,,2024-09-14T11:22:00+00:00,2024-09-14T11:52:00+00:00,investigation
ab210a2d-d377-4262-8eb7-75a437d7f6e6,INC-2026-000863,Obinna Okeke,obinna.okeke@example.com,Logistics,Offshore Platform Alpha,Drilling Deck,Dropped Object,Medium,Afternoon,"Warm, humid, rain clearing",tag line hook,,2023-10-07T16:46:00+00:00,2023-10-07T17:12:00+00:00,corrective_action
616b6f62-9987-4f3e-bd95-3c49f38895f1,INC-2026-000864,Ifunanya Umeh,ifunanya.umeh@example.com,Drilling,Eket Drilling Site,Well Pad,Near Miss,Critical,Night,"Cloudy and dry, visibility good",lifting sling,Apex Marine Support Ltd,2025-01-22T06:15:00+00:00,2025-01-22T07:11:00+00:00,submitted
bf0994b7-9b76-4b51-a923-f0753e846609,INC-2026-000865,Oluwaseun Adebayo,oluwaseun.adebayo@example.com,Maintenance,Onshore,Process Train,PPE Non-Compliance,Low,Afternoon,Heavy shower earlier; wet deck,chemical gloves,Apex Marine Support Ltd,2024-07-22T15:30:00+00:00,2024-07-22T16:29:00+00:00,under_review
15d50b86-1fa4-48d9-8b17-35703e393bd0,INC-2026-000866,Temitope Balogun,temitope.balogun@example.com,Quality,Akwa Ibom site,Maintenance Workshop,Equipment Failure,Critical,Afternoon,"Dry, dusty conditions",process valve actuator,,2024-04-30T15:38:00+00:00,2024-04-30T16:23:00+00:00,submitted
ab3ca5ba-54e2-42c1-9603-9ee1079ac0b8,INC-2026-000867,Chukwuemeka Eze,chukwuemeka.eze@example.com,Drilling,Eket Drilling Site,Mud Plant,Electrical Hazard,Low,Day,Overcast with light rain,motor isolator,,2026-05-21T11:47:00+00:00,2026-05-21T12:16:00+00:00,corrective_action
2379cba2-b308-4a95-a09c-ee843f832d1c,INC-2026-000868,Ifunanya Umeh,ifunanya.umeh@example.com,Quality,Qua Iboe Logistics Yard,Marine Jetty,Near Miss,Medium,Afternoon,"Dry, dusty conditions",pressure gauge,Apex Marine Support Ltd,2024-04-22T16:25:00+00:00,2024-04-22T17:24:00+00:00,corrective_action
224f5d5b-0769-4b0f-aa16-cd481ed4032c,INC-2026-000869,Sani Bello,sani.bello@example.com,Quality,Onshore Gas Processing Plant,Gas Compression Unit,Electrical Hazard,Low,Day,"Warm, humid, rain clearing",portable lighting circuit,,2024-06-14T10:06:00+00:00,2024-06-14T10:31:00+00:00,under_review
8ef55eb3-b5a0-4cab-9fbe-ed8502c4d6a1,INC-2026-000870,Chinedu Okafor,chinedu.okafor@example.com,HSE,Onshore Gas Processing Plant,Tank Farm,Vehicle Incident,High,Day,"Intermittent rain, humid conditions",light vehicle,,2025-07-07T14:47:00+00:00,2025-07-07T15:11:00+00:00,pending_verification
37bfa4f4-f54c-4f33-824d-cb847c8e17e1,INC-2026-000871,Obinna Okeke,obinna.okeke@example.com,Drilling,New site,Rig Floor,Slip/Trip/Fall,Medium,Day,"Intermittent rain, humid conditions",cable ramp,Eastern Plant Maintenance Ltd,2026-07-03T11:03:00+00:00,2026-07-03T11:18:00+00:00,submitted
8e5fefe1-71c3-400e-969c-533ef5bf4b46,INC-2026-000872,Chinedu Okafor,chinedu.okafor@example.com,Maintenance,Eket Drilling Site,Mud Plant,Equipment Failure,Medium,Day,"Warm, humid, rain clearing",process valve actuator,,2023-09-29T10:25:00+00:00,2023-09-29T10:48:00+00:00,corrective_action
3369bb58-1fb5-432f-9f4b-c7e18f080516,INC-2026-000873,Adaeze Nwosu,adaeze.nwosu@example.com,Maintenance,Old site,Legacy Process Unit,Near Miss,Low,Day,"Intermittent rain, humid conditions",pipe handling tool,Niger Delta Well Services Ltd,2026-05-27T14:44:00+00:00,2026-05-27T14:59:00+00:00,corrective_action
066a8ae9-da03-4312-a778-8e16e6185253,INC-2026-000874,Obinna Okeke,obinna.okeke@example.com,Maintenance,Onshore Gas Processing Plant,Tank Farm,Slip/Trip/Fall,Low,Day,Overcast with light rain,grating panel,,2024-06-30T14:17:00+00:00,2024-06-30T14:41:00+00:00,corrective_action
5baee67e-e7fb-41b8-9b8e-ce40bd1da5bd,INC-2026-000875,Musa Ibrahim,musa.ibrahim@example.com,Operations,Offshore Platform Alpha,Production Deck,Oil/Chemical Spillage,Medium,Day,"Warm, humid, rain clearing",pump seal assembly,,2024-05-31T09:24:00+00:00,2024-05-31T10:06:00+00:00,closed
44804fc9-73c7-497d-b2a0-a32cc8134ef5,INC-2026-000876,Aisha Abdullahi,aisha.abdullahi@example.com,Maintenance,Old site,Legacy Process Unit,Near Miss,Critical,Night,Heavy shower earlier; wet deck,pipe handling tool,Niger Delta Well Services Ltd,2026-06-30T20:28:00+00:00,2026-06-30T21:13:00+00:00,under_review
8ae369e4-8548-46f5-8198-58ca1cda032a,INC-2026-000877,Obinna Okeke,obinna.okeke@example.com,Drilling,Eket Drilling Site,Well Pad,PPE Non-Compliance,High,Day,"Intermittent rain, humid conditions",eye protection,,2025-05-20T10:43:00+00:00,2025-05-20T11:12:00+00:00,investigation
1b8c5a82-de67-4869-8619-cc3c26e56ba7,INC-2026-000878,Folake Oladipo,folake.oladipo@example.com,Logistics,Onshore Gas Processing Plant,Process Train 1,Environmental Release,High,Day,"Dry, dusty conditions",chemical dosing skid,Eastern Plant Maintenance Ltd,2025-02-23T08:06:00+00:00,2025-02-23T08:34:00+00:00,corrective_action
1305f4d2-f496-4ea3-ba38-2f949c2847aa,INC-2026-000879,Zainab Yusuf,zainab.yusuf@example.com,Logistics,New site,Well Pad,PPE Non-Compliance,High,Day,Heavy shower earlier; wet deck,chemical gloves,,2025-10-29T08:07:00+00:00,2025-10-29T08:30:00+00:00,investigation
241641c8-c141-4a0e-a16d-0259fd2db836,INC-2026-000880,Chukwuemeka Eze,chukwuemeka.eze@example.com,Logistics,New site,Site Camp,Near Miss,Critical,Afternoon,"Intermittent rain, humid conditions",mobile work platform,,2026-05-02T15:04:00+00:00,2026-05-02T15:50:00+00:00,pending_verification
186707ca-e81f-4526-bf1e-f440e082d65a,INC-2026-000881,Chukwuemeka Eze,chukwuemeka.eze@example.com,Maintenance,Marine Supply Base,Marine Jetty,Equipment Failure,Medium,Day,"Dry, dusty conditions",process valve actuator,,2026-01-18T10:03:00+00:00,2026-01-18T10:43:00+00:00,corrective_action
f7d8a82b-89e2-493a-9e61-90cf10e16cee,INC-2026-000882,Chinedu Okafor,chinedu.okafor@example.com,Logistics,Onshore,Process Train,Environmental Release,High,Day,Overcast with light rain,chemical dosing skid,,2025-07-22T13:52:00+00:00,2025-07-22T14:22:00+00:00,closed
73df7f80-f6fa-4242-9d1a-903ebab51b2f,INC-2026-000883,Adeola Adeyemi,adeola.adeyemi@example.com,Drilling,Eastern Flow Station,Pump House,Near Miss,Critical,Day,"Warm, humid, rain clearing",lifting sling,,2024-06-23T13:27:00+00:00,2024-06-23T13:47:00+00:00,investigation
413a6aa2-a1af-4293-9b0b-a9fa8acc2594,INC-2026-000884,Obinna Okeke,obinna.okeke@example.com,Quality,Akwa Ibom site,Maintenance Workshop,Electrical Hazard,Medium,Afternoon,"Warm, humid, rain clearing",junction box,,2025-05-25T18:53:00+00:00,2025-05-25T19:52:00+00:00,submitted
16bbccf1-5b86-42ba-b227-c0a132a5d9cd,INC-2026-000885,Adaeze Nwosu,adaeze.nwosu@example.com,Drilling,Eastern Flow Station,Pump House,Oil/Chemical Spillage,Low,Day,Humid with calm wind,pump seal assembly,,2025-02-20T08:53:00+00:00,2025-02-20T09:25:00+00:00,under_review
3110a605-763a-4d2a-9813-aa630dfc44aa,INC-2026-000886,Babatunde Ogunleye,babatunde.ogunleye@example.com,Quality,Onshore,Process Train,Vehicle Incident,Low,Day,"Warm, humid, rain clearing",service truck,Coastal Integrity Nigeria Ltd,2025-07-19T09:40:00+00:00,2025-07-19T10:19:00+00:00,corrective_action
4e5931dc-6a68-44b4-a144-ee65a0b03c9c,INC-2026-000887,Chukwuemeka Eze,chukwuemeka.eze@example.com,Operations,Qua Iboe Logistics Yard,Marine Jetty,Vehicle Incident,Critical,Day,"Warm, humid, rain clearing",service truck,Coastal Integrity Nigeria Ltd,2026-06-04T08:17:00+00:00,2026-06-04T09:02:00+00:00,investigation
cc295bbf-fcea-4673-be99-655d39f7c274,INC-2026-000888,Sani Bello,sani.bello@example.com,Quality,New site,Well Pad,Electrical Hazard,Low,Day,"Dry, dusty conditions",temporary power cable,,2024-01-17T09:53:00+00:00,2024-01-17T10:43:00+00:00,submitted
d1e5f095-eba9-4e5f-93ce-09dc084cf997,INC-2026-000889,Aisha Abdullahi,aisha.abdullahi@example.com,Quality,New site,Site Camp,PPE Non-Compliance,Medium,Night,Humid with calm wind,respiratory protection set,,2025-03-05T20:40:00+00:00,2025-03-05T21:23:00+00:00,investigation
f7f5de4e-ca91-4e04-8cf5-b09da2b50ba5,INC-2026-000890,Aisha Abdullahi,aisha.abdullahi@example.com,Operations,Onshore,Tank Farm,Environmental Release,High,Day,"Warm, humid, rain clearing",chemical dosing skid,Coastal Integrity Nigeria Ltd,2025-10-21T11:36:00+00:00,2025-10-21T12:10:00+00:00,pending_verification
3dde5847-71ba-4d17-99ed-46ee3af4cb2d,INC-2026-000891,Aisha Abdullahi,aisha.abdullahi@example.com,Quality,Eket Drilling Site,Mud Plant,Equipment Failure,Low,Day,"Cloudy and dry, visibility good",air compressor,,2025-12-17T07:38:00+00:00,2025-12-17T08:33:00+00:00,corrective_action
ecd9f4fe-f7dd-47b9-a098-1efe2a88532a,INC-2026-000892,Ifunanya Umeh,ifunanya.umeh@example.com,HSE,New site,Site Camp,Slip/Trip/Fall,Low,Day,"Warm, humid, rain clearing",grating panel,,2023-10-13T08:33:00+00:00,2023-10-13T08:51:00+00:00,submitted
102ba5b0-08d9-4fc1-891f-0510d3eced84,INC-2026-000893,Zainab Yusuf,zainab.yusuf@example.com,Operations,Marine Supply Base,Vehicle Yard,Near Miss,Low,Day,Overcast with light rain,mobile work platform,,2024-07-16T07:05:00+00:00,2024-07-16T07:39:00+00:00,investigation
00356ec6-6d74-4abd-aec2-aed8b1e0aee2,INC-2026-000894,Chinedu Okafor,chinedu.okafor@example.com,Logistics,Marine Supply Base,Marine Jetty,Vehicle Incident,Low,Day,"Cloudy and dry, visibility good",light vehicle,,2026-01-03T10:02:00+00:00,2026-01-03T10:37:00+00:00,closed
765d8a76-d9cf-4343-9450-bfc12633e0fe,INC-2026-000895,Folake Oladipo,folake.oladipo@example.com,Drilling,Old site,Assembly Point,Slip/Trip/Fall,Critical,Afternoon,Hot and dry with light haze,cable ramp,Apex Marine Support Ltd,2026-04-08T16:36:00+00:00,2026-04-08T17:06:00+00:00,corrective_action
b6089f92-d39c-467b-92d7-12e5ec3afb66,INC-2026-000896,Adeola Adeyemi,adeola.adeyemi@example.com,Drilling,Onshore Gas Processing Plant,Tank Farm,Oil/Chemical Spillage,Medium,Day,"Dry, dusty conditions",chemical transfer hose,,2026-01-23T10:40:00+00:00,2026-01-23T11:11:00+00:00,investigation
33fe7f3b-82a7-48cb-bed8-06d1583e2977,INC-2026-000897,Iniobong Akpan,iniobong.akpan@example.com,Operations,Eket Drilling Site,Mud Plant,Slip/Trip/Fall,Medium,Night,Hot and dry with light haze,cable ramp,,2025-04-02T20:13:00+00:00,2025-04-02T20:38:00+00:00,under_review
629f1ff7-477f-4140-85c2-5150dd515d32,INC-2026-000898,Musa Ibrahim,musa.ibrahim@example.com,Maintenance,Marine Supply Base,Warehouse,Near Miss,Critical,Day,"Dry, dusty conditions",mobile work platform,,2026-03-05T10:53:00+00:00,2026-03-05T11:13:00+00:00,under_review
4f416f2b-ed6c-4daf-9bdd-07f0fec11432,INC-2026-000899,Musa Ibrahim,musa.ibrahim@example.com,HSE,Eastern Flow Station,Pump House,PPE Non-Compliance,Medium,Afternoon,Hot and dry with light haze,respiratory protection set,,2025-02-07T15:16:00+00:00,2025-02-07T16:04:00+00:00,investigation
f08eb4bd-8596-4e48-bf18-92b82dea54a2,INC-2026-000900,Musa Ibrahim,musa.ibrahim@example.com,Operations,New site,Site Camp,PPE Non-Compliance,High,Day,Heavy shower earlier; wet deck,fall-arrest harness,,2025-09-13T08:28:00+00:00,2025-09-13T09:13:00+00:00,under_review
082b27b3-c24d-4547-812b-9dc5b2bc272d,INC-2026-000901,Obinna Okeke,obinna.okeke@example.com,Quality,Eastern Flow Station,Pump House,Fire,Low,Day,Hot and dry with light haze,hydraulic power pack,,2024-01-13T08:26:00+00:00,2024-01-13T09:00:00+00:00,investigation
b9fb3a58-c75b-4aea-93fe-3b0e78f492de,INC-2026-000902,Temitope Balogun,temitope.balogun@example.com,Quality,Onshore Gas Processing Plant,Tank Farm,Slip/Trip/Fall,Medium,Day,Overcast with light rain,temporary walkway,,2023-09-30T11:00:00+00:00,2023-09-30T11:29:00+00:00,submitted
654d3fa9-7d0a-43dd-96b8-0c97cddc2bbb,INC-2026-000903,Adeola Adeyemi,adeola.adeyemi@example.com,Logistics,Onshore,Tank Farm,PPE Non-Compliance,Low,Day,"Intermittent rain, humid conditions",respiratory protection set,,2024-09-02T10:22:00+00:00,2024-09-02T11:13:00+00:00,closed
eb476308-92ab-4e4b-b34e-9d80024397fe,INC-2026-000904,Temitope Balogun,temitope.balogun@example.com,Operations,Eastern Flow Station,Pump House,Electrical Hazard,Medium,Day,Overcast with light rain,junction box,Eastern Plant Maintenance Ltd,2025-07-13T09:55:00+00:00,2025-07-13T10:52:00+00:00,closed
f7f170c8-f2b1-44a5-851c-024bdbbd81e8,INC-2026-000905,Zainab Yusuf,zainab.yusuf@example.com,Maintenance,Eastern Flow Station,Separator Area,Slip/Trip/Fall,Medium,Day,Overcast with light rain,temporary walkway,,2026-08-13T09:22:00+00:00,2026-08-13T09:41:00+00:00,closed
19d69171-c741-4380-9702-a7fa51320bc3,INC-2026-000906,Folake Oladipo,folake.oladipo@example.com,Drilling,Eket Drilling Site,Rig Floor,Near Miss,Low,Day,Heavy shower earlier; wet deck,lifting sling,,2025-10-02T14:58:00+00:00,2025-10-02T15:16:00+00:00,closed
432285ed-f622-47bf-83e6-927fc0fddf8b,INC-2026-000907,Adeola Adeyemi,adeola.adeyemi@example.com,Drilling,Marine Supply Base,Vehicle Yard,Electrical Hazard,Medium,Afternoon,"Intermittent rain, humid conditions",portable lighting circuit,,2023-09-30T16:00:00+00:00,2023-09-30T16:34:00+00:00,submitted
6e379cbd-5766-488f-8ab1-0b18f3571a86,INC-2026-000908,Bashir Shehu,bashir.shehu@example.com,Logistics,Onshore Gas Processing Plant,Tank Farm,Near Miss,Medium,Day,"Warm, humid, rain clearing",pipe handling tool,,2023-10-06T07:19:00+00:00,2023-10-06T07:36:00+00:00,pending_verification
2bae97cc-c3a9-4eff-99ed-6f3a34fb9931,INC-2026-000909,Adeola Adeyemi,adeola.adeyemi@example.com,Drilling,Offshore Platform Alpha,Helideck,Fire,High,Day,Heavy shower earlier; wet deck,portable generator,Eastern Plant Maintenance Ltd,2025-08-25T13:41:00+00:00,2025-08-25T14:39:00+00:00,investigation
ff18d9a0-2264-4957-9984-fea94e269da0,INC-2026-000910,Musa Ibrahim,musa.ibrahim@example.com,Logistics,Marine Supply Base,Vehicle Yard,Near Miss,High,Day,"Cloudy and dry, visibility good",lifting sling,,2025-02-17T09:55:00+00:00,2025-02-17T10:11:00+00:00,pending_verification
bca75bf8-2155-42d0-b7ee-e08c652f5cb1,INC-2026-000911,Obinna Okeke,obinna.okeke@example.com,HSE,Eket Drilling Site,Rig Floor,Dropped Object,Low,Afternoon,Heavy shower earlier; wet deck,spanner set,,2023-09-29T16:16:00+00:00,2023-09-29T16:47:00+00:00,corrective_action
ab7146c8-1a18-4683-a3d1-13ed61bd6517,INC-2026-000912,Chinedu Okafor,chinedu.okafor@example.com,Operations,Eket Drilling Site,Rig Floor,Near Miss,Low,Day,Overcast with light rain,pipe handling tool,,2025-08-09T09:11:00+00:00,2025-08-09T10:10:00+00:00,submitted
fb3e8ec0-5e57-48ed-a9b2-93721363d105,INC-2026-000913,Adaeze Nwosu,adaeze.nwosu@example.com,HSE,Onshore Gas Processing Plant,Tank Farm,Slip/Trip/Fall,Medium,Night,Heavy shower earlier; wet deck,access stair tread,,2025-07-10T06:19:00+00:00,2025-07-10T07:12:00+00:00,submitted
2a6cac72-f571-4bb1-95ea-55766f21beda,INC-2026-000914,Temitope Balogun,temitope.balogun@example.com,Drilling,Old site,Power House,Fire,High,Day,Humid with calm wind,hydraulic power pack,,2025-12-10T10:37:00+00:00,2025-12-10T11:21:00+00:00,under_review
eee6b761-d1a1-4167-a3d7-92961e54d047,INC-2026-000915,Adeola Adeyemi,adeola.adeyemi@example.com,Operations,Old site,Legacy Process Unit,Equipment Failure,Low,Afternoon,"Cloudy and dry, visibility good",process valve actuator,,2024-04-01T15:28:00+00:00,2024-04-01T16:12:00+00:00,submitted
5eddbb00-163b-4d24-b9d4-33e5bb5b02f7,INC-2026-000916,Sani Bello,sani.bello@example.com,Drilling,Eket Drilling Site,Mud Plant,Equipment Failure,Low,Night,"Intermittent rain, humid conditions",lifting winch,Apex Marine Support Ltd,2024-05-08T06:47:00+00:00,2024-05-08T07:24:00+00:00,investigation
707ab4f9-e570-47d5-8ba7-843ece60a360,INC-2026-000917,Adaeze Nwosu,adaeze.nwosu@example.com,Operations,Onshore Gas Processing Plant,Tank Farm,Near Miss,Low,Day,Hot and dry with light haze,pressure gauge,Eastern Plant Maintenance Ltd,2024-02-20T08:43:00+00:00,2024-02-20T09:31:00+00:00,closed
2151ce21-d00d-4b8a-8b4e-2ddb1869c55c,INC-2026-000918,Obinna Okeke,obinna.okeke@example.com,HSE,Old site,Power House,Slip/Trip/Fall,High,Day,"Intermittent rain, humid conditions",cable ramp,Apex Marine Support Ltd,2024-06-17T13:33:00+00:00,2024-06-17T14:08:00+00:00,investigation
8dae2e99-0865-4345-93a5-e929b6637e38,INC-2026-000919,Adeola Adeyemi,adeola.adeyemi@example.com,Quality,Marine Supply Base,Vehicle Yard,Vehicle Incident,Low,Day,"Intermittent rain, humid conditions",service truck,,2024-06-26T11:12:00+00:00,2024-06-26T11:58:00+00:00,corrective_action
6a5078f3-b6b2-48b8-87ba-fde2957f6fbe,INC-2026-000920,Chinedu Okafor,chinedu.okafor@example.com,Operations,Akwa Ibom site,Maintenance Workshop,Equipment Failure,Medium,Day,Overcast with light rain,air compressor,Niger Delta Well Services Ltd,2025-07-17T14:59:00+00:00,2025-07-17T15:42:00+00:00,under_review
b4c989bb-7b50-4748-a4ca-a703849584aa,INC-2026-000921,Adeola Adeyemi,adeola.adeyemi@example.com,Operations,Onshore Gas Processing Plant,Gas Compression Unit,Vehicle Incident,Low,Night,Overcast with light rain,telehandler,,2025-09-08T06:46:00+00:00,2025-09-08T07:29:00+00:00,corrective_action
b09c6c80-9fa3-4f39-872b-eeece28b129b,INC-2026-000922,Zainab Yusuf,zainab.yusuf@example.com,Logistics,Eket Drilling Site,Rig Floor,Dropped Object,Low,Afternoon,Heavy shower earlier; wet deck,spanner set,,2024-06-08T16:59:00+00:00,2024-06-08T17:49:00+00:00,corrective_action
e4a6ea0a-59d1-4550-9dcc-23bc48fa0f40,INC-2026-000923,Bashir Shehu,bashir.shehu@example.com,Quality,Onshore,Control Room,PPE Non-Compliance,Medium,Day,"Intermittent rain, humid conditions",chemical gloves,,2024-07-08T13:10:00+00:00,2024-07-08T13:46:00+00:00,closed
5b0d4116-6058-410d-8378-e61a9d7b0dcd,INC-2026-000924,Adaeze Nwosu,adaeze.nwosu@example.com,Quality,Eket Drilling Site,Rig Floor,Dropped Object,Low,Afternoon,Overcast with light rain,tag line hook,Apex Marine Support Ltd,2026-06-14T18:04:00+00:00,2026-06-14T18:30:00+00:00,closed
5570bcaa-b32e-4834-b5ce-a2b34061e6f2,INC-2026-000925,Oluwaseun Adebayo,oluwaseun.adebayo@example.com,HSE,Eastern Flow Station,Separator Area,Slip/Trip/Fall,High,Day,"Warm, humid, rain clearing",cable ramp,Niger Delta Well Services Ltd,2025-08-01T14:07:00+00:00,2025-08-01T14:55:00+00:00,under_review
1b55d8fa-2d6d-4e28-bd4b-4f6422e6da30,INC-2026-000926,Ifunanya Umeh,ifunanya.umeh@example.com,Quality,New site,Site Camp,Near Miss,Low,Night,Overcast with light rain,lifting sling,Coastal Integrity Nigeria Ltd,2024-06-22T20:15:00+00:00,2024-06-22T20:43:00+00:00,submitted
64c9bf73-09dd-4f85-9d86-a829211306c5,INC-2026-000927,Obinna Okeke,obinna.okeke@example.com,Operations,Eastern Flow Station,Separator Area,Oil/Chemical Spillage,Low,Day,Overcast with light rain,pump seal assembly,,2026-06-08T13:27:00+00:00,2026-06-08T14:16:00+00:00,corrective_action
a7586620-791d-4eae-a5d4-7f37261a53aa,INC-2026-000928,Sani Bello,sani.bello@example.com,HSE,Old site,Power House,Near Miss,Low,Afternoon,"Warm, humid, rain clearing",mobile work platform,Coastal Integrity Nigeria Ltd,2026-07-15T15:57:00+00:00,2026-07-15T16:14:00+00:00,submitted
04f70873-5195-4364-bff1-783dc4cc56ec,INC-2026-000929,Bashir Shehu,bashir.shehu@example.com,Quality,Eastern Flow Station,Pump House,Environmental Release,High,Day,Hot and dry with light haze,chemical dosing skid,,2025-12-01T13:23:00+00:00,2025-12-01T14:01:00+00:00,closed
3bf9f990-087e-4a9f-9105-b932ac950e15,INC-2026-000930,Ifunanya Umeh,ifunanya.umeh@example.com,Drilling,New site,Site Camp,Electrical Hazard,High,Day,"Warm, humid, rain clearing",junction box,,2024-06-06T09:30:00+00:00,2024-06-06T10:13:00+00:00,corrective_action
2628e00e-b204-4b76-ad42-f18ee7c1f680,INC-2026-000931,Folake Oladipo,folake.oladipo@example.com,Logistics,New site,Rig Floor,Slip/Trip/Fall,High,Afternoon,Overcast with light rain,cable ramp,,2024-08-19T15:56:00+00:00,2024-08-19T16:15:00+00:00,corrective_action
494cc58f-3a23-4bdd-adea-553521a007aa,INC-2026-000932,Ifunanya Umeh,ifunanya.umeh@example.com,Drilling,Eastern Flow Station,Pump House,Electrical Hazard,Low,Afternoon,"Dry, dusty conditions",motor isolator,Eastern Plant Maintenance Ltd,2026-04-10T16:31:00+00:00,2026-04-10T17:17:00+00:00,corrective_action
0f892824-6fe7-460c-963e-38257fc2f9fa,INC-2026-000933,Musa Ibrahim,musa.ibrahim@example.com,Maintenance,Onshore,Tank Farm,Oil/Chemical Spillage,Medium,Day,Humid with calm wind,pump seal assembly,,2025-12-12T07:29:00+00:00,2025-12-12T08:09:00+00:00,closed
695f12a9-5e90-4d5d-8795-60e8f11ffd43,INC-2026-000934,Babatunde Ogunleye,babatunde.ogunleye@example.com,Drilling,Eastern Flow Station,Pump House,Electrical Hazard,Critical,Afternoon,"Cloudy and dry, visibility good",motor isolator,,2024-03-23T18:34:00+00:00,2024-03-23T19:33:00+00:00,closed
1659f592-d151-4ca9-9afb-10991374a780,INC-2026-000935,Adeola Adeyemi,adeola.adeyemi@example.com,Quality,Eastern Flow Station,Pump House,Near Miss,Low,Day,"Dry, dusty conditions",lifting sling,Niger Delta Well Services Ltd,2025-03-31T07:52:00+00:00,2025-03-31T08:35:00+00:00,pending_verification
644a5c6b-59ca-4294-95e3-4b7cea2c1c7c,INC-2026-000936,Adaeze Nwosu,adaeze.nwosu@example.com,HSE,Onshore Gas Processing Plant,Tank Farm,Near Miss,Critical,Day,Overcast with light rain,mobile work platform,,2025-07-11T14:21:00+00:00,2025-07-11T14:51:00+00:00,corrective_action
fe51956c-a37e-4a4e-8ba8-61e588cb409d,INC-2026-000937,Adaeze Nwosu,adaeze.nwosu@example.com,Quality,New site,Rig Floor,Near Miss,Low,Afternoon,Heavy shower earlier; wet deck,pressure gauge,,2026-06-07T15:30:00+00:00,2026-06-07T16:25:00+00:00,submitted
39f57ff1-fc4c-4ae7-a454-1e8ba4ab04f0,INC-2026-000938,Babatunde Ogunleye,babatunde.ogunleye@example.com,Operations,Old site,Assembly Point,Near Miss,Low,Afternoon,Humid with calm wind,pressure gauge,,2026-01-02T16:38:00+00:00,2026-01-02T17:25:00+00:00,investigation
3efa3636-702b-4f0c-ae3a-f1c862d4f536,INC-2026-000939,Chukwuemeka Eze,chukwuemeka.eze@example.com,Quality,Eket Drilling Site,Mud Plant,Electrical Hazard,Critical,Day,"Warm, humid, rain clearing",temporary power cable,,2026-07-31T08:01:00+00:00,2026-07-31T08:59:00+00:00,submitted
209824e7-f2f0-4d6c-a660-dbea077741b9,INC-2026-000940,Adeola Adeyemi,adeola.adeyemi@example.com,HSE,Offshore Platform Alpha,Production Deck,Dropped Object,Low,Day,Humid with calm wind,tag line hook,,2025-11-03T13:57:00+00:00,2025-11-03T14:44:00+00:00,investigation
ecdfdc90-61cc-40a6-b762-9333b9912f70,INC-2026-000941,Adeola Adeyemi,adeola.adeyemi@example.com,Drilling,Old site,Power House,PPE Non-Compliance,High,Afternoon,"Intermittent rain, humid conditions",fall-arrest harness,,2026-05-09T16:01:00+00:00,2026-05-09T16:39:00+00:00,under_review
5b892555-ca95-4af4-9b27-cc9765f2fdd5,INC-2026-000942,Chukwuemeka Eze,chukwuemeka.eze@example.com,Logistics,Marine Supply Base,Marine Jetty,Vehicle Incident,High,Afternoon,Heavy shower earlier; wet deck,service truck,Eastern Plant Maintenance Ltd,2023-09-29T18:55:00+00:00,2023-09-29T19:53:00+00:00,closed
3c1cf6b3-fd7b-4ff6-9147-33935add4864,INC-2026-000943,Chukwuemeka Eze,chukwuemeka.eze@example.com,Logistics,Akwa Ibom site,Materials Yard,Near Miss,Low,Afternoon,Overcast with light rain,pressure gauge,Apex Marine Support Ltd,2024-06-09T15:59:00+00:00,2024-06-09T16:48:00+00:00,investigation
18580158-73fd-47ac-868d-a1892d2f20e8,INC-2026-000944,Oluwaseun Adebayo,oluwaseun.adebayo@example.com,Operations,Onshore,Control Room,Vehicle Incident,Low,Day,Heavy shower earlier; wet deck,light vehicle,Coastal Integrity Nigeria Ltd,2024-10-19T07:54:00+00:00,2024-10-19T08:52:00+00:00,investigation
3afadb25-e4a6-4103-9877-c845bc443645,INC-2026-000945,Zainab Yusuf,zainab.yusuf@example.com,Drilling,Qua Iboe Logistics Yard,Vehicle Yard,Electrical Hazard,Medium,Night,Heavy shower earlier; wet deck,motor isolator,,2024-10-24T20:05:00+00:00,2024-10-24T20:49:00+00:00,submitted
39283bad-2924-4564-9ef7-a3fcc6f4b454,INC-2026-000946,Chinedu Okafor,chinedu.okafor@example.com,Drilling,Eket Drilling Site,Rig Floor,Dropped Object,Medium,Day,"Intermittent rain, humid conditions",small-bore fitting,,2023-09-29T11:26:00+00:00,2023-09-29T12:00:00+00:00,corrective_action
2b67ec4c-b3c2-413c-99c6-41d296aa73ba,INC-2026-000947,Chinedu Okafor,chinedu.okafor@example.com,Maintenance,Old site,Assembly Point,Near Miss,High,Afternoon,"Intermittent rain, humid conditions",mobile work platform,Coastal Integrity Nigeria Ltd,2025-05-05T18:33:00+00:00,2025-05-05T19:07:00+00:00,submitted
c9648a06-b450-42ec-a19a-9265bd1df80b,INC-2026-000948,Obinna Okeke,obinna.okeke@example.com,Quality,Qua Iboe Logistics Yard,Marine Jetty,Near Miss,High,Day,Humid with calm wind,lifting sling,,2025-12-16T11:02:00+00:00,2025-12-16T11:44:00+00:00,corrective_action
19251653-f203-4de9-90af-e718c685f9a3,INC-2026-000949,Ebiere Preye,ebiere.preye@example.com,Operations,Onshore,Process Train,Environmental Release,Critical,Day,Heavy shower earlier; wet deck,chemical dosing skid,,2026-06-02T13:48:00+00:00,2026-06-02T14:11:00+00:00,under_review
3e642ee8-fe96-43a3-9b41-6e0f8c41645e,INC-2026-000950,Temitope Balogun,temitope.balogun@example.com,Drilling,Marine Supply Base,Warehouse,Near Miss,Medium,Afternoon,"Cloudy and dry, visibility good",pipe handling tool,Eastern Plant Maintenance Ltd,2023-11-04T16:25:00+00:00,2023-11-04T16:51:00+00:00,corrective_action
ce197f80-e6ba-467c-a6d4-3c3b21921d89,INC-2026-000951,Obinna Okeke,obinna.okeke@example.com,Drilling,Marine Supply Base,Warehouse,Fire,High,Day,Heavy shower earlier; wet deck,hydraulic power pack,,2026-07-07T11:16:00+00:00,2026-07-07T12:14:00+00:00,closed
e89ffd42-f574-4d32-8b61-17afa9b41f70,INC-2026-000952,Chinedu Okafor,chinedu.okafor@example.com,Logistics,Qua Iboe Logistics Yard,Warehouse,Equipment Failure,Medium,Day,"Warm, humid, rain clearing",process valve actuator,Niger Delta Well Services Ltd,2024-10-17T08:53:00+00:00,2024-10-17T09:15:00+00:00,pending_verification
8308e194-8957-48cd-94dc-2c2eb57a33fa,INC-2026-000953,Adaeze Nwosu,adaeze.nwosu@example.com,Logistics,Onshore Gas Processing Plant,Tank Farm,Oil/Chemical Spillage,Medium,Afternoon,"Warm, humid, rain clearing",pump seal assembly,Coastal Integrity Nigeria Ltd,2023-09-30T16:39:00+00:00,2023-09-30T17:04:00+00:00,corrective_action
ebc8f80f-f7ca-4626-96a3-147db75b7cc7,INC-2026-000954,Obinna Okeke,obinna.okeke@example.com,Maintenance,Onshore Gas Processing Plant,Process Train 1,PPE Non-Compliance,High,Day,Overcast with light rain,chemical gloves,,2024-05-22T14:10:00+00:00,2024-05-22T15:00:00+00:00,submitted
eccda207-112b-49cf-911e-73d10c0c2f11,INC-2026-000955,Folake Oladipo,folake.oladipo@example.com,Operations,Onshore Gas Processing Plant,Tank Farm,Vehicle Incident,Low,Afternoon,"Dry, dusty conditions",forklift,,2025-02-10T15:20:00+00:00,2025-02-10T16:07:00+00:00,under_review
e7f9c4a6-b545-453f-b32a-0af5177285fa,INC-2026-000956,Obinna Okeke,obinna.okeke@example.com,Logistics,Eket Drilling Site,Rig Floor,Dropped Object,Low,Day,Overcast with light rain,tag line hook,,2025-07-31T07:50:00+00:00,2025-07-31T08:19:00+00:00,corrective_action
d8ad5e93-17c9-4b54-a08d-fe7fd6da9698,INC-2026-000957,Sani Bello,sani.bello@example.com,Logistics,Eket Drilling Site,Mud Plant,Equipment Failure,Medium,Day,Heavy shower earlier; wet deck,lifting winch,,2025-10-05T07:06:00+00:00,2025-10-05T07:38:00+00:00,submitted
cf243ffa-dd52-4922-a520-69d46fb9695b,INC-2026-000958,Oluwaseun Adebayo,oluwaseun.adebayo@example.com,Maintenance,Qua Iboe Logistics Yard,Vehicle Yard,Near Miss,High,Day,Overcast with light rain,mobile work platform,Apex Marine Support Ltd,2025-10-19T14:06:00+00:00,2025-10-19T14:45:00+00:00,under_review
82b48b1d-cae6-4ea9-b3f3-8d8fd65f2057,INC-2026-000959,Oluwaseun Adebayo,oluwaseun.adebayo@example.com,Operations,Old site,Legacy Process Unit,Fire,High,Afternoon,"Intermittent rain, humid conditions",hydraulic power pack,,2025-07-02T16:45:00+00:00,2025-07-02T17:07:00+00:00,submitted
1c1ebbf0-15df-4ae1-a016-6c4c4eff507e,INC-2026-000960,Adeola Adeyemi,adeola.adeyemi@example.com,Maintenance,Old site,Legacy Process Unit,Fire,High,Night,"Cloudy and dry, visibility good",hydraulic power pack,,2024-12-26T06:46:00+00:00,2024-12-26T07:26:00+00:00,corrective_action
0cca6be4-571e-4b4a-8d67-ad7fb8421208,INC-2026-000961,Sani Bello,sani.bello@example.com,Quality,Onshore Gas Processing Plant,Tank Farm,Environmental Release,High,Day,Heavy shower earlier; wet deck,chemical dosing skid,,2025-09-06T10:32:00+00:00,2025-09-06T11:21:00+00:00,closed
f29468f9-2209-4b5b-bcc7-132f31938ee5,INC-2026-000962,Chukwuemeka Eze,chukwuemeka.eze@example.com,Quality,Qua Iboe Logistics Yard,Warehouse,PPE Non-Compliance,Low,Afternoon,"Cloudy and dry, visibility good",fall-arrest harness,,2024-01-05T18:33:00+00:00,2024-01-05T18:58:00+00:00,corrective_action
b542be86-599b-4c61-b17c-a47c78f0e8e4,INC-2026-000963,Bashir Shehu,bashir.shehu@example.com,HSE,Eastern Flow Station,Pump House,Electrical Hazard,Medium,Day,Overcast with light rain,motor isolator,Apex Marine Support Ltd,2025-08-11T09:09:00+00:00,2025-08-11T10:02:00+00:00,pending_verification
bd9eccae-55bb-4dcc-8c5e-1bea0e87129a,INC-2026-000964,Babatunde Ogunleye,babatunde.ogunleye@example.com,Operations,Marine Supply Base,Warehouse,Electrical Hazard,Medium,Day,"Cloudy and dry, visibility good",temporary power cable,Niger Delta Well Services Ltd,2025-01-02T13:12:00+00:00,2025-01-02T13:51:00+00:00,corrective_action
af1e7d94-8685-4917-ba01-7c9bdd66a439,INC-2026-000965,Obinna Okeke,obinna.okeke@example.com,HSE,Old site,Legacy Process Unit,Near Miss,Low,Day,"Warm, humid, rain clearing",lifting sling,,2026-07-29T10:36:00+00:00,2026-07-29T11:03:00+00:00,closed
7110c1ee-7b68-4fe2-b766-5801e9b56ab5,INC-2026-000966,Ifunanya Umeh,ifunanya.umeh@example.com,Maintenance,Eket Drilling Site,Mud Plant,Fire,Medium,Day,"Warm, humid, rain clearing",hydraulic power pack,,2026-08-11T09:01:00+00:00,2026-08-11T09:22:00+00:00,pending_verification
9e96bb6b-9dce-498b-9e3d-6199545b666a,INC-2026-000967,Temitope Balogun,temitope.balogun@example.com,HSE,Eastern Flow Station,Separator Area,Environmental Release,Low,Afternoon,"Intermittent rain, humid conditions",drain isolation valve,,2026-08-30T18:56:00+00:00,2026-08-30T19:41:00+00:00,corrective_action
d4bc9aa5-b400-451b-abf9-0e11c8de0797,INC-2026-000968,Zainab Yusuf,zainab.yusuf@example.com,Logistics,Offshore Platform Alpha,Helideck,Near Miss,Low,Afternoon,"Dry, dusty conditions",pressure gauge,Eastern Plant Maintenance Ltd,2025-01-26T16:07:00+00:00,2025-01-26T16:44:00+00:00,submitted
4316939e-d09b-4170-8284-209a56f96826,INC-2026-000969,Aisha Abdullahi,aisha.abdullahi@example.com,Maintenance,Eket Drilling Site,Mud Plant,Electrical Hazard,High,Day,Overcast with light rain,temporary power cable,Apex Marine Support Ltd,2023-09-30T11:16:00+00:00,2023-09-30T11:57:00+00:00,under_review
d10e09fc-7c63-4004-9b4a-1771c1415621,INC-2026-000970,Oluwaseun Adebayo,oluwaseun.adebayo@example.com,Logistics,New site,Rig Floor,Electrical Hazard,Low,Day,Humid with calm wind,portable lighting circuit,Niger Delta Well Services Ltd,2025-01-08T14:42:00+00:00,2025-01-08T15:13:00+00:00,closed
071cadfd-c56b-4069-bb52-10f8c8b6af89,INC-2026-000971,Iniobong Akpan,iniobong.akpan@example.com,Logistics,Qua Iboe Logistics Yard,Vehicle Yard,Slip/Trip/Fall,Medium,Day,"Warm, humid, rain clearing",cable ramp,,2024-10-24T14:01:00+00:00,2024-10-24T14:31:00+00:00,closed
2a73136e-a5e8-4309-a714-9f427d441d22,INC-2026-000972,Chukwuemeka Eze,chukwuemeka.eze@example.com,Quality,Offshore Platform Alpha,Production Deck,Oil/Chemical Spillage,Low,Day,"Warm, humid, rain clearing",chemical transfer hose,,2025-08-25T11:50:00+00:00,2025-08-25T12:22:00+00:00,closed
b05f7bbf-5d50-49e8-96cc-4fea028cb740,INC-2026-000973,Musa Ibrahim,musa.ibrahim@example.com,Logistics,Qua Iboe Logistics Yard,Warehouse,Vehicle Incident,Low,Day,"Warm, humid, rain clearing",service truck,,2026-07-23T08:01:00+00:00,2026-07-23T08:26:00+00:00,closed
b74edee1-c871-4729-a34d-634e51aacf00,INC-2026-000974,Adeola Adeyemi,adeola.adeyemi@example.com,Maintenance,Offshore Platform Alpha,Production Deck,Environmental Release,Medium,Day,"Cloudy and dry, visibility good",produced-water line,,2024-03-02T11:53:00+00:00,2024-03-02T12:15:00+00:00,investigation
6d3a14cd-d0b1-4d39-b2b6-1468ca4364e8,INC-2026-000975,Sani Bello,sani.bello@example.com,Logistics,Onshore Gas Processing Plant,Tank Farm,Slip/Trip/Fall,Medium,Day,Heavy shower earlier; wet deck,cable ramp,,2024-07-29T08:50:00+00:00,2024-07-29T09:11:00+00:00,closed
4c503d6a-f638-4be3-a879-c9be737e0ed2,INC-2026-000976,Chinedu Okafor,chinedu.okafor@example.com,Quality,Onshore Gas Processing Plant,Tank Farm,Vehicle Incident,Medium,Day,Heavy shower earlier; wet deck,service truck,,2024-06-09T11:07:00+00:00,2024-06-09T11:32:00+00:00,corrective_action
bbfc2e8b-bfeb-455e-a362-0bbd99d09d31,INC-2026-000977,Chukwuemeka Eze,chukwuemeka.eze@example.com,Logistics,Eket Drilling Site,Well Pad,Slip/Trip/Fall,High,Afternoon,"Warm, humid, rain clearing",temporary walkway,,2026-07-08T18:16:00+00:00,2026-07-08T18:49:00+00:00,investigation
e6c96415-f191-42d8-8e36-78795f142f38,INC-2026-000978,Temitope Balogun,temitope.balogun@example.com,Logistics,Old site,Power House,Near Miss,Medium,Day,"Warm, humid, rain clearing",lifting sling,,2024-05-05T09:33:00+00:00,2024-05-05T09:51:00+00:00,corrective_action
65fc46f0-d0d1-49d4-97af-fdb79eea87d1,INC-2026-000979,Aisha Abdullahi,aisha.abdullahi@example.com,Quality,Offshore Platform Alpha,Production Deck,Oil/Chemical Spillage,Medium,Day,"Dry, dusty conditions",chemical transfer hose,Niger Delta Well Services Ltd,2025-04-28T08:48:00+00:00,2025-04-28T09:30:00+00:00,investigation
90a4450d-44a1-4d56-b550-cbe128f05ce0,INC-2026-000980,Chukwuemeka Eze,chukwuemeka.eze@example.com,HSE,Qua Iboe Logistics Yard,Vehicle Yard,Fire,Low,Night,"Warm, humid, rain clearing",hydraulic power pack,Niger Delta Well Services Ltd,2024-09-29T06:27:00+00:00,2024-09-29T06:56:00+00:00,under_review
0a0efda3-3731-471b-9128-3a015e492c81,INC-2026-000981,Oluwaseun Adebayo,oluwaseun.adebayo@example.com,Drilling,Offshore Platform Alpha,Production Deck,Oil/Chemical Spillage,Low,Day,Heavy shower earlier; wet deck,chemical transfer hose,,2026-05-29T14:38:00+00:00,2026-05-29T15:29:00+00:00,pending_verification
e5000d54-8b13-410a-a0d4-f6655694941d,INC-2026-000982,Temitope Balogun,temitope.balogun@example.com,HSE,Offshore Platform Alpha,Production Deck,Equipment Failure,Medium,Afternoon,"Intermittent rain, humid conditions",lifting winch,,2024-08-13T16:39:00+00:00,2024-08-13T17:24:00+00:00,closed
b89b9336-a1f9-4382-920f-1710babe3031,INC-2026-000983,Chinedu Okafor,chinedu.okafor@example.com,Quality,Marine Supply Base,Vehicle Yard,Slip/Trip/Fall,Low,Day,"Intermittent rain, humid conditions",grating panel,,2025-08-27T07:12:00+00:00,2025-08-27T08:01:00+00:00,submitted
1c8f3ede-aabf-4f22-bf5d-7dba29123901,INC-2026-000984,Aisha Abdullahi,aisha.abdullahi@example.com,Operations,Marine Supply Base,Marine Jetty,Vehicle Incident,High,Afternoon,"Intermittent rain, humid conditions",light vehicle,,2025-08-01T15:24:00+00:00,2025-08-01T16:10:00+00:00,submitted
7b4c7151-c8a4-46d8-9c6a-986386ac1f95,INC-2026-000985,Ifunanya Umeh,ifunanya.umeh@example.com,Quality,Qua Iboe Logistics Yard,Warehouse,Vehicle Incident,High,Day,"Warm, humid, rain clearing",light vehicle,,2026-07-30T09:12:00+00:00,2026-07-30T09:37:00+00:00,corrective_action
19ef48f7-6824-4e1a-8724-022890ff6fe2,INC-2026-000986,Zainab Yusuf,zainab.yusuf@example.com,Operations,Onshore Gas Processing Plant,Process Train 1,Vehicle Incident,Medium,Afternoon,Hot and dry with light haze,telehandler,Coastal Integrity Nigeria Ltd,2024-01-24T18:08:00+00:00,2024-01-24T18:45:00+00:00,under_review
8edf7d76-f453-459a-88a5-0f36a1307cf8,INC-2026-000987,Chinedu Okafor,chinedu.okafor@example.com,Logistics,Akwa Ibom site,Operations Office,PPE Non-Compliance,High,Day,Heavy shower earlier; wet deck,respiratory protection set,,2024-06-15T09:26:00+00:00,2024-06-15T09:41:00+00:00,submitted
49316ec4-59ca-449b-8c69-9aa37cc6b02f,INC-2026-000988,Oluwaseun Adebayo,oluwaseun.adebayo@example.com,Drilling,Onshore,Process Train,Electrical Hazard,High,Afternoon,Heavy shower earlier; wet deck,junction box,,2024-05-02T18:19:00+00:00,2024-05-02T18:55:00+00:00,submitted
1cd81d7a-0d7f-4df4-a50d-d21671c4df1f,INC-2026-000989,Chinedu Okafor,chinedu.okafor@example.com,Quality,Onshore,Tank Farm,Environmental Release,Critical,Night,"Intermittent rain, humid conditions",chemical dosing skid,,2026-06-02T06:49:00+00:00,2026-06-02T07:08:00+00:00,corrective_action
700ebe4d-ec14-448c-b4a5-d4e42c776548,INC-2026-000990,Folake Oladipo,folake.oladipo@example.com,HSE,Qua Iboe Logistics Yard,Vehicle Yard,Vehicle Incident,High,Day,Humid with calm wind,forklift,Apex Marine Support Ltd,2026-01-09T07:13:00+00:00,2026-01-09T07:48:00+00:00,closed
8ba43515-512d-4406-af39-6ccfc3075e45,INC-2026-000991,Ifunanya Umeh,ifunanya.umeh@example.com,Logistics,Eastern Flow Station,Pump House,Electrical Hazard,High,Day,"Intermittent rain, humid conditions",motor isolator,Niger Delta Well Services Ltd,2024-06-23T14:37:00+00:00,2024-06-23T14:52:00+00:00,submitted
a06c07e4-6b01-4d57-aece-f8921f55c68b,INC-2026-000992,Chukwuemeka Eze,chukwuemeka.eze@example.com,Drilling,Qua Iboe Logistics Yard,Marine Jetty,Equipment Failure,Medium,Day,"Intermittent rain, humid conditions",process valve actuator,,2026-07-07T09:27:00+00:00,2026-07-07T10:13:00+00:00,submitted
b5dd33de-ca64-432b-894d-95b2a0aeeef9,INC-2026-000993,Temitope Balogun,temitope.balogun@example.com,Quality,Eket Drilling Site,Mud Plant,Electrical Hazard,Low,Afternoon,"Intermittent rain, humid conditions",motor isolator,,2024-07-29T18:24:00+00:00,2024-07-29T18:42:00+00:00,corrective_action
76d8db3f-5a52-487e-9be2-8cdaa8ec22ed,INC-2026-000994,Zainab Yusuf,zainab.yusuf@example.com,HSE,Marine Supply Base,Warehouse,Near Miss,High,Afternoon,Hot and dry with light haze,pressure gauge,,2024-01-05T15:53:00+00:00,2024-01-05T16:23:00+00:00,closed
150cbcf2-7107-45ea-81b0-68c0758d0f5d,INC-2026-000995,Ifunanya Umeh,ifunanya.umeh@example.com,Quality,Qua Iboe Logistics Yard,Marine Jetty,Equipment Failure,Medium,Day,"Dry, dusty conditions",centrifugal pump,Niger Delta Well Services Ltd,2026-04-26T10:06:00+00:00,2026-04-26T10:42:00+00:00,investigation
2447ebd0-360a-46b2-8bbd-6b659fe10b78,INC-2026-000996,Temitope Balogun,temitope.balogun@example.com,Maintenance,Offshore Platform Alpha,Production Deck,Environmental Release,Medium,Night,Heavy shower earlier; wet deck,drain isolation valve,Apex Marine Support Ltd,2025-07-05T06:06:00+00:00,2025-07-05T06:55:00+00:00,corrective_action
c24e3492-9518-484d-b6df-3a21959bef60,INC-2026-000997,Aisha Abdullahi,aisha.abdullahi@example.com,Operations,Onshore Gas Processing Plant,Tank Farm,Environmental Release,Medium,Day,Overcast with light rain,drain isolation valve,,2026-07-26T13:08:00+00:00,2026-07-26T14:06:00+00:00,corrective_action
3a106551-a271-44b4-abf3-066f8db34242,INC-2026-000998,Ifunanya Umeh,ifunanya.umeh@example.com,Operations,Offshore Platform Alpha,Production Deck,Dropped Object,Low,Day,"Intermittent rain, humid conditions",small-bore fitting,,2024-05-10T13:59:00+00:00,2024-05-10T14:25:00+00:00,corrective_action
c78438db-6171-4dae-b60e-254c8fecfb17,INC-2026-000999,Temitope Balogun,temitope.balogun@example.com,Drilling,Eket Drilling Site,Rig Floor,Dropped Object,Medium,Day,"Dry, dusty conditions",spanner set,,2025-04-07T10:20:00+00:00,2025-04-07T11:16:00+00:00,submitted
7e935639-231e-4a0f-9ef0-fa21049aa819,INC-2026-001000,Sani Bello,sani.bello@example.com,Drilling,Onshore,Process Train,Slip/Trip/Fall,High,Day,"Warm, humid, rain clearing",cable ramp,Niger Delta Well Services Ltd,2025-09-22T11:39:00+00:00,2025-09-22T12:02:00+00:00,under_review
714ff92b-a8b2-45b4-8243-57171b9547c0,INC-2026-001001,Ifunanya Umeh,ifunanya.umeh@example.com,Quality,Eastern Flow Station,Emergency Assembly Point,Slip/Trip/Fall,Critical,Night,"Dry, dusty conditions",access stair tread,Niger Delta Well Services Ltd,2026-01-14T06:08:00+00:00,2026-01-14T06:37:00+00:00,investigation
c125b899-d189-41c3-944e-772712d382a8,INC-2026-001002,Chinedu Okafor,chinedu.okafor@example.com,Maintenance,Eastern Flow Station,Pump House,Electrical Hazard,Low,Day,"Dry, dusty conditions",temporary power cable,,2026-02-07T13:01:00+00:00,2026-02-07T13:27:00+00:00,under_review
6d589e34-a11b-42af-b624-2ee46555dedf,INC-2026-001003,Musa Ibrahim,musa.ibrahim@example.com,Logistics,Eastern Flow Station,Separator Area,Near Miss,Low,Day,Heavy shower earlier; wet deck,pressure gauge,Niger Delta Well Services Ltd,2025-06-05T10:21:00+00:00,2025-06-05T10:55:00+00:00,pending_verification
f243b01e-e8d2-4ca0-ab4d-8fbf1e0e8e05,INC-2026-001004,Musa Ibrahim,musa.ibrahim@example.com,Quality,Eket Drilling Site,Well Pad,Slip/Trip/Fall,Critical,Day,"Cloudy and dry, visibility good",cable ramp,Niger Delta Well Services Ltd,2026-04-18T07:02:00+00:00,2026-04-18T07:50:00+00:00,corrective_action
8df1e4ef-0e82-47f1-baa2-19e671aabb9d,INC-2026-001005,Folake Oladipo,folake.oladipo@example.com,Maintenance,Qua Iboe Logistics Yard,Vehicle Yard,Fire,High,Day,Overcast with light rain,electrical distribution board,,2024-09-07T07:59:00+00:00,2024-09-07T08:18:00+00:00,closed
4dc36e0e-42e0-4f61-8b3b-131f4c0ad3b2,INC-2026-001006,Musa Ibrahim,musa.ibrahim@example.com,Operations,Eastern Flow Station,Emergency Assembly Point,Near Miss,Critical,Afternoon,"Dry, dusty conditions",mobile work platform,,2025-04-02T18:20:00+00:00,2025-04-02T19:06:00+00:00,corrective_action
1a8b9030-b221-44a3-893e-78c432ffedec,INC-2026-001007,Musa Ibrahim,musa.ibrahim@example.com,Maintenance,Onshore,Process Train,Vehicle Incident,Low,Night,Humid with calm wind,telehandler,Apex Marine Support Ltd,2024-11-30T20:36:00+00:00,2024-11-30T21:30:00+00:00,under_review
a37fd661-e54a-4a86-afb6-0f9e037a82d3,INC-2026-001008,Chinedu Okafor,chinedu.okafor@example.com,Quality,Eastern Flow Station,Pump House,Electrical Hazard,Low,Day,Heavy shower earlier; wet deck,portable lighting circuit,,2024-10-30T14:27:00+00:00,2024-10-30T15:09:00+00:00,under_review
203026bf-cbc4-47b4-9cc7-038a7a33ecb0,INC-2026-001009,Bashir Shehu,bashir.shehu@example.com,Operations,Offshore Platform Alpha,Helideck,Near Miss,High,Day,Heavy shower earlier; wet deck,pressure gauge,,2026-09-29T09:12:00+00:00,2026-09-29T09:45:00+00:00,corrective_action
